Dataset,MTP_seq,BP_seq
fcb1,VQAHAGEYGAEALER,VGAHAGEYGAEALER
fcb1,NLHQSNFSLSGAQIDDNLPR,NLHQSNFSLSGAQIDDNNPR
fcb1,LRDEQLNSPYSCQAEGPCLTR,LRDEQLNAPYSCQAEGPCLTR
fcb1,LYPWGQVEVENPEHNDFLK,LYPWGVVEVENPEHNDFLK
fcb1,LYTWGVVEVENPEHNDFLK,LYPWGVVEVENPEHNDFLK
fcb1,NSESCDCLQGFQLTHSLGGGTGSGMGTLLISK,ESESCDCLQGFQLTHSLGGGTGSGMGTLLISK
fcb1,AATYWITAPQNLVLSPGEDGTLICR,AAPYWITAPQNLVLSPGEDGTLICR
fcb1,TEYAITWLNEPSFVFADVIR,TEYAIPWLNEPSFVFADVIR
fcb1,MYGVLTWNAFPGK,MYGVLPWNAFPGK
fcb1,EDPNLVPSISSK,EDPNLVPSISNK
fcb1,KAEGVALTNATGVVESTSQAGDR,KAEGVALTNATGAVESTSQAGDR
fcb1,TGQATVASGITAGWMGLDCGPESSK,TGQATVASGIPAGWMGLDCGPESSK
fcb1,MYGVLPWNQFPGK,MYGVLPWNAFPGK
fcb1,AGCGGGLLGVR,AQCGGGLLGVR
fcb1,ESINQETVQQR,EAINQETVQQR
fcb1,EIADLGEALATAVITQWQK,EIADLGEALATAVIPQWQK
fcb1,CICNQLSLTTK,CICSQLSLTTK
fcb1,APQAQPTPGPGPAGVK,APQAQPAPGPGPAGVK
fcb1,WSGTLSLQEVDEQPQHPLHVTYAGAAVDELGK,WSGPLSLQEVDEQPQHPLHVTYAGAAVDELGK
fcb1,ELTAWVSFPDVEK,ELPAWVSFPDVEK
fcb1,AGIWDTAGQER,AQIWDTAGQER
fcb1,WLTAAATFPVQDPASGAALGMVADCGVR,WLPAAATFPVQDPASGAALGMVADCGVR
fcb1,LAAENGWGVMVSHR,LAQENGWGVMVSHR
fcb1,AGLADSFHLQQFFR,AQLADSFHLQQFFR
fcb1,QYTWGVAEVENGEHCDFTILR,QYPWGVAEVENGEHCDFTILR
fcb1,SGPFGQIFRPDNFVFGQSGAGNNDAK,SGPFGQIFRPDNFVFGQSGAGNNWAK
fcb1,ALDLIVDRPVTLVR,AFDLIVDRPVTLVR
fcb1,MSATFIGSNTAIQELFK,MSATFIGNNTAIQELFK
fcb1,TMQGSEVVSVLK,TMQGSEVVNVLK
fcb1,WQASSLTADDLCTENAIMLK,WQASSLPADDLCTENAIMLK
fcb1,FTVGDHSR,FTIGDHSR
fcb1,AGIHDLVLVGGSTR,AQIHDLVLVGGSTR
fcb1,EIFISNITQTNPGIVTCLENHPHK,EIFISNITQANPGIVTCLENHPHK
fcb1,AQEALLQLSQALSLMETVK,AQEALLQLSQVLSLMETVK
fcb1,NNPETWNK,NNPEPWNK
fcb1,ALTFWNEEIVPQIK,ALPFWNEEIVPQIK
fcb1,WVGGTEIELIAIATGGR,WVGGPEIELIAIATGGR
fcb1,AAAPAPVSEAVSR,AAAPAPVSEAVCR
fcb1,WNTFIDNIIASCSEDTSVR,WNPFIDNIIASCSEDTSVR
fcb1,ILAAQGNLSAQGGAQPSVEAPAAPRPTATQLTR,ILAAQGQLSAQGGAQPSVEAPAAPRPTATQLTR
fcb1,TVASPGVTVDEAVEQIDIGGVTLLR,TVASPGVTVEEAVEQIDIGGVTLLR
fcb1,EQITWTLIDFYDNQPCINLIESK,EQIPWTLIDFYDNQPCINLIESK
fcb1,GVDAQTTLSK,GVDAQGTLSK
fcb1,TCSFDFTGAVEDISK,TCGFDFTGAVEDISK
fcb1,VLQAFSDGLAHLDNLK,VLGAFSDGLAHLDNLK
fcb1,ILITWLLSPESLDIK,ILIPWLLSPESLDIK
fcb1,SVATGSSEAAGGASGGGAR,SVATGSSETAGGASGGGAR
fcb1,TTWGIIEVENLNHCEFALLR,TPWGIIEVENLNHCEFALLR
fcb1,AATITATSTGALWGLDR,AATITATSPGALWGLDR
fcb1,AFVHWYDGEGMEEGEFSEAR,AFVHWYVGEGMEEGEFSEAR
fcb1,GILSCEASAVTMAEFQWFK,GILSCEASAVPMAEFQWFK
fcb1,DVTWGVDSLITLAFQDQR,DVPWGVDSLITLAFQDQR
fcb1,AGAELVGTADEATR,AQAELVGTADEATR
fcb1,ALATTWEQLALGLEHSETVK,ALAPTWEQLALGLEHSETVK
fcb1,AQPVQVAEGSETDGFWEALGGK,AQPVQVAEGSEPDGFWEALGGK
fcb1,TNPANIEGNAETAQVLGLTTWMDYEFR,TNPANIEGNAETAQVLGLTPWMDYEFR
fcb1,VDNSSLTGESEPQDR,VDNSSLTGESEPQTR
fcb1,ESEPQPAAEPAEAK,ESEPQAAAEPAEAK
fcb1,QTAASAGLVDAPAAAPAAAR,QTAASAGLVDAPAPAPAAAR
fcb1,DYEFMWNTHLGYILTCPSNLGTGLR,DYEFMWNPHLGYILTCPSNLGTGLR
fcb1,AVDDLNLHSYSNLTIWVNK,AVDDLNLHSYSNLPIWVNK
fcb1,LYTWGIVEVENQAHCDFVK,LYPWGIVEVENQAHCDFVK
fcb1,WWTDNTLGTEIAIEDQICQGLK,WNTDNTLGTEIAIEDQICQGLK
fcb1,NRPTSISSDGLDSGK,NRPTSISWDGLDSGK
fcb1,GVDAQGTSSK,GVDAQGTLSK
fcb1,NTVWYQALTHGLNEEQR,NPVWYQALTHGLNEEQR
fcb1,TLANLTWIVEPGQEAK,TLANLPWIVEPGQEAK
fcb1,AATYWLDEPK,AAPYWLDEPK
fcb1,TTTTGWTLDQCIQTGVDNPGHPFIK,TTPTGWTLDQCIQTGVDNPGHPFIK
fcb1,HLGGITWTYAEDAVPTLTPCR,HLGGIPWTYAEDAVPTLTPCR
fcb1,ENAEQGEVDVESHR,ENAEQGEVDMESHR
fcb1,NEPTTPSWLADIPTWVPK,NEPTTPSWLADIPPWVPK
fcb1,VMQVVDEK,IMQVVDEK
fcb1,GSASIGSLCADAR,TSASIGSLCADAR
fcb1,ELVDDSLNNVR,ELVDDSVNNVR
fcb1,GDECQLVGPAQTSHWK,GDECQLVGPAQPSHWK
fcb1,TIDWQAFAEIIPQNQK,TIDWVAFAEIIPQNQK
fcb1,EGGQTAPASSR,EGGQTAPASTR
fcb1,GCEENLDEAR,GSEENLDEAR
fcb1,GTLQCEASAVTSAEFQWYK,GTLQCEASAVPSAEFQWYK
fcb1,SADCSVEEETWK,SADCSVEEEPWK
fcb1,ETVVEVTQVTWEDIGGLEDVK,ETVVEVPQVTWEDIGGLEDVK
fcb1,DNPLLAQLIQDK,DNALLAQLIQDK
fcb1,VSSQAEVDDILAAVRPTTR,VSGQAEVDDILAAVRPTTR
fcb1,TEWENLNQSNVR,PEWENLNQSNVR
fcb1,MDENQVVAVTSTNAAK,MDENQFVAVTSTNAAK
fcb1,EALQDPEDENQ,EALQDVEDENQ
fcb1,DDDIAALVVDNGSGTCK,DDDIAALVVDNGSGMCK
fcb2,VQAHAGEYGAEALER,VGAHAGEYGAEALER
fcb2,LYTWGVVEVENPEHNDFLK,LYPWGVVEVENPEHNDFLK
fcb2,KAEGVALTNATGVVESTSQAGDR,KAEGVALTNATGAVESTSQAGDR
fcb2,AHIDLGCAADVEAVQTGLDLLEILR,AHITLGCAADVEAVQTGLDLLEILR
fcb2,VNVEFALIHK,LNVEFALIHK
fcb2,MYGVLTWNAFPGK,MYGVLPWNAFPGK
fcb2,QSASQLQK,QPASQLQK
fcb2,AGQQAEAER,AQQQAEAER
fcb2,ILTITGPTDAIFK,IVTITGPTDAIFK
fcb2,LAAENGWGVMVSHR,LAQENGWGVMVSHR
fcb2,NLSTFAMDGK,NLSTFAVDGK
fcb2,EQLYTTASLK,EQLYTPASLK
fcb2,SIQFVDSCPTGFK,SIQFVDWCPTGFK
fcb2,AGLGGPEAAK,AQLGGPEAAK
fcb2,YISVIYTNYEAGK,YISLIYTNYEAGK
fcb2,EANALAAGHPAQAAAINAR,EANALAAGHPAQAVAINAR
fcb2,ILITWLLSPESLDIK,ILIPWLLSPESLDIK
fcb2,ILAAQGQVSAQGGAQPSVEAPAAPRPTATQLTR,ILAAQGQLSAQGGAQPSVEAPAAPRPTATQLTR
fcb2,QIVWNGTVGVFEWEAFAR,QIVWNGPVGVFEWEAFAR
fcb2,GDSAPAAAK,GDSAPATAK
fcb2,AGGENISVSK,AGQENISVSK
fcb2,SSQESGEEAGSQENHPQESK,SSQESGEETGSQENHPQESK
fcb2,GYGYGAGAGTLSTDK,GYGYGQGAGTLSTDK
fcb2,QTAASAGLVDAPAAAPAAAR,QTAASAGLVDAPAPAPAAAR
fcb2,DSDVGDEAQSK,DSYVGDEAQSK
fcb2,TTTTGWTLDQCIQTGVDNPGHPFIK,TTPTGWTLDQCIQTGVDNPGHPFIK
fcb2,DLYANDVLSGGTTMYPGIADR,DLYANTVLSGGTTMYPGIADR
fcb2,GSASIGSLCADAR,TSASIGSLCADAR
fcb2,AGDSELER,ASDSELER
fcb2,LLEGEEDR,LLEGEEER
fcb2,EGGQTAPASSR,EGGQTAPASTR
fcb2,AEDEENEK,AEAEENEK
fcb2,DVEMGNSTIEENEMK,DVEMGNSVIEENEMK
fcb2,ASGNNQDGVVASQPAR,AWGNNQDGVVASQPAR
fcb2,QYTWGVVQVENENHCDFVK,QYPWGVVQVENENHCDFVK
fcb2,SLGQNPTEAELQDMINEVDADGNGTIDFNEFLTMMAR,SLGQNPTEAELQDMINEVDADGNGTIDFPEFLTMMAR
fcb2,LGFSEVELVQTVVDGVK,LGFSEVELVQMVVDGVK
fcb2,VLGTAGTEEGQK,ILGTAGTEEGQK
fcb2,GILAADESCGSIAK,GILAADESTGSIAK
fcb2,DNLTLWDSENQGDEGDAGEGEN,DNLTLWTSENQGDEGDAGEGEN
fcb3,EAASDQEALAR,EAASYQEALAR
fcb3,AETMELNDR,AEMMELNDR
fcb3,FQMPDQGMQSADDFFQGTK,FQMPDQGMTSADDFFQGTK
fcb3,ITSEAGDGATK,ITSEGGDGATK
fcb3,QVTSTASTFVK,QATSTASTFVK
fcb3,AGVAAPATQVVQVTLQSVQR,AGVAAPATQVAQVTLQSVQR
fcb3,DGGADGTEQR,DGGAWGTEQR
fcb3,AQEALLQLSQALSLMETVK,AQEALLQLSQVLSLMETVK
fcb3,EANALAAGHPAQAAAINAR,EANALAAGHPAQAVAINAR
fcb3,VLEAFSDGLAHLDNLK,VLGAFSDGLAHLDNLK
fcb3,ALTFWNEEIVPQIK,ALPFWNEEIVPQIK
fcb3,AILVDLEPGQMDSVR,AILVDLEPGTMDSVR
fcb3,YLATASTMDHQR,YLATASTMDHAR
fcb3,ILITWLLSPESLDIK,ILIPWLLSPESLDIK
fcb3,ILAAQGQVSAQGGAQPSVEAPAAPRPTATQLTR,ILAAQGQLSAQGGAQPSVEAPAAPRPTATQLTR
fcb3,TTWGIIEVENLNHCEFALLR,TPWGIIEVENLNHCEFALLR
fcb3,LLVSASQDNK,LLVSASQDGK
fcb3,GDSAPAAAK,GDSAPATAK
fcb3,AEGAPNQGK,AEGTPNQGK
fcb3,INVYYNEAQGGK,INVYYNEATGGK
fcb3,DVTWGVDSLITLAFQDQR,DVPWGVDSLITLAFQDQR
fcb3,FQMPDQGTTSADDFFQGTK,FQMPDQGMTSADDFFQGTK
fcb3,WGDAGAEYPVESTGVFTTMEK,WGDAGAEYVVESTGVFTTMEK
fcb3,LGVENCYFNMFVSQSALEK,LGVENCYFPMFVSQSALEK
fcb3,RLSLESEGAAEGAAASPELSALEEAFR,RLSLESEGAGEGAAASPELSALEEAFR
fcb3,ELVDDSLNNVR,ELVDDSVNNVR
fcb3,AEDEENEK,AEAEENEK
fcb3,EYQLNDSAAYYLNDVER,EYQLNDSAAYYLNDLER
fcb3,QYTWGVVQVENENHCDFVK,QYPWGVVQVENENHCDFVK
fcb3,DDDIAALVPDNGSGMCK,DDDIAALVVDNGSGMCK
fcb4,VGAHANEYGAEALER,VGAHAGEYGAEALER
fcb4,VQAHAGEYGAEALER,VGAHAGEYGAEALER
fcb4,SADDLWDIQK,SADTLWDIQK
fcb4,LYTWGVVEVENPEHNDFLK,LYPWGVVEVENPEHNDFLK
fcb4,SAVTALSGK,SAVTALWGK
fcb4,MYGVLTWNAFPGK,MYGVLPWNAFPGK
fcb4,FAGLHFFNPVNVMK,FAGLHFFNPVPVMK
fcb4,LSGDSGIQECFNR,LWGDSGIQECFNR
fcb4,KAEGVALTNATGVVESTSQAGDR,KAEGVALTNATGAVESTSQAGDR
fcb4,MYGPLPWNAFPGK,MYGVLPWNAFPGK
fcb4,AHIDLGCAADVEAVQTGLDLLEILR,AHITLGCAADVEAVQTGLDLLEILR
fcb4,AGLEEASSAR,AQLEEASSAR
fcb4,AGPHLQGGAK,AGAHLQGGAK
fcb4,CICNQLSLTTK,CICSQLSLTTK
fcb4,MSATFIGANTAIQELFK,MSATFIGNNTAIQELFK
fcb4,NMTEAEQQQLIDDHFLFDK,SMTEAEQQQLIDDHFLFDK
fcb4,GATAVAETFK,GATAIAETFK
fcb4,ILTITGPTDAIFK,IVTITGPTDAIFK
fcb4,SILSLLDK,SILSALDK
fcb4,SGPFGQIFRPDNFVFGQSGAGNNSAK,SGPFGQIFRPDNFVFGQSGAGNNWAK
fcb4,SGPFGQIFRPDNFTFGQSGAGNNWAK,SGPFGQIFRPDNFVFGQSGAGNNWAK
fcb4,LAAENGWGVMVSHR,LAQENGWGVMVSHR
fcb4,TMQGSEVVSVLK,TMQGSEVVNVLK
fcb4,NSSYFPEWIPNNVK,NSSYFVEWIPNNVK
fcb4,FTVGDHSR,FTIGDHSR
fcb4,QEQVDNQTR,QEQIDNQTR
fcb4,GLTSIVNEK,GLTSIQNEK
fcb4,NTGQGCVCSNQFLVQR,NTGQTCVCSNQFLVQR
fcb4,AFDQGADAIYDHVNEGK,AFDQGADAIYDHINEGK
fcb4,YLADASTMDHAR,YLATASTMDHAR
fcb4,AVLVDLEPGQMDSVR,AVLVDLEPGTMDSVR
fcb4,ILAAQGQVSAQGGAQPSVEAPAAPRPTATQLTR,ILAAQGQLSAQGGAQPSVEAPAAPRPTATQLTR
fcb4,VGINYQPPTVVPQGDLAK,VGINYQPPTVVPGGDLAK
fcb4,SSEEAETQCR,SWEEAETQCR
fcb4,SVATGSSEAAGGASGGGAR,SVATGSSETAGGASGGGAR
fcb4,ILITWLLSPESLDIK,ILIPWLLSPESLDIK
fcb4,EGVVDGVATVAEK,EGVVHGVATVAEK
fcb4,SSMSPTTNVLLSPLSVATALSALSLGAEQR,SSTSPTTNVLLSPLSVATALSALSLGAEQR
fcb4,YLATASQMDHAR,YLATASTMDHAR
fcb4,GDSAPAAAK,GDSAPATAK
fcb4,TCSFDFTGAVEDISK,TCGFDFTGAVEDISK
fcb4,QLAEEDAAQQR,QLAEEDLAQQR
fcb4,DCEQAENSMAAR,DCEQAENWMAAR
fcb4,ENTDLAGELR,ENADLAGELR
fcb4,AGTEWNTGTWR,AQTEWNTGTWR
fcb4,SSQESGEEAGSQENHPQESK,SSQESGEETGSQENHPQESK
fcb4,VPTANVSVVDLTCF,VPTANVSVVDLTCR
fcb4,AGEGDATIHLK,AGEQDATIHLK
fcb4,AAATSPDSGAK,ATATSPDSGAK
fcb4,SDSELNNEVAAR,SDSELNSEVAAR
fcb4,TQSIYDDTK,TQSIYDDMK
fcb4,LYTWGIVEVENQAHCDFVK,LYPWGIVEVENQAHCDFVK
fcb4,VAVAIPNRPPDTVLTDTTSLNQAALYR,VAVAIPNRPPDAVLTDTTSLNQAALYR
fcb4,NRPTSISSDGLDSGK,NRPTSISWDGLDSGK
fcb4,GVDAQGTSSK,GVDAQGTLSK
fcb4,ETEELQSQAQALSQEGK,EIEELQSQAQALSQEGK
fcb4,SQGGEPDYNVAVGR,SQGGEPTYNVAVGR
fcb4,NMQNAEESFK,NMQNAEEWFK
fcb4,TTGIVMDSGDGVQHTVPIYEGYALPHAILR,TTGIVMDSGDGVTHTVPIYEGYALPHAILR
fcb4,FSSACDMGGCTGALAR,FSSACDVGGCTGALAR
fcb4,ENAEQGEVDVESHR,ENAEQGEVDMESHR
fcb4,GCEENLDEAR,GSEENLDEAR
fcb4,GSASIGSLCADAR,TSASIGSLCADAR
fcb4,EAATSNTNTLNR,EAAASNTNTLNR
fcb4,ELVDDSLNNVR,ELVDDSVNNVR
fcb4,AGFEGIVTDLIR,AQFEGIVTDLIR
fcb4,DSPETEESPAPEPR,DSPETEENPAPEPR
fcb4,EEIPEEELDEDVEEIDHAER,EEIPEEELAEDVEEIDHAER
fcb4,AEDEENEK,AEAEENEK
fcb4,DTEEEDFHVDQATTVK,DTEEEDFHVDQVTTVK
fcb4,LFEEDPAVGAIVLTGGDK,TFEEDPAVGAIVLTGGDK
fcb4,ASGNNQDGVVASQPAR,AWGNNQDGVVASQPAR
fcb4,DGPNALTPPPTTTEWVK,DGPNALTPPPTTPEWVK
fcb4,AYHEQLSVAEITNACFEPAMQMVK,AYHEQLSVAEITNACFEPANQMVK
fcb4,DFENSLNQVK,DFENSMNQVK
fcb4,GIQEEDEALVK,GIQEEMEALVK
fcb4,EPLQDVEDENQ,EALQDVEDENQ
fcb4,DDDIAALVVDNGSGTCK,DDDIAALVVDNGSGMCK
fcb5,EDTAALEK,EDMAALEK
fcb5,MDEMQFVAVTSTNAAK,MDENQFVAVTSTNAAK
fcb5,ALQASALSAWR,ALQASALNAWR
fcb5,QASVSGPAPPK,QTSVSGPAPPK
fcb5,LLVVYTWTQR,LLVVYPWTQR
fcb5,AHIDLGCAADVEAVQTGLDLLEILR,AHITLGCAADVEAVQTGLDLLEILR
fcb5,AGIWDTAGQER,AQIWDTAGQER
fcb5,LAQEGGWGVMVSHR,LAQENGWGVMVSHR
fcb5,DGGADGTEQR,DGGAWGTEQR
fcb5,EQLYTTASLK,EQLYTPASLK
fcb5,YLSTASTMDHAR,YLATASTMDHAR
fcb5,YISVIYTNYEAGK,YISLIYTNYEAGK
fcb5,AQEALLQLSQALSLMETVK,AQEALLQLSQVLSLMETVK
fcb5,LCYVALDFENEMTTAASSSSLEK,LCYVALDFENEMATAASSSSLEK
fcb5,EVDEQTLNVQNK,EVDEQMLNVQNK
fcb5,SVATGSSEAAGGASGGGAR,SVATGSSETAGGASGGGAR
fcb5,AEMEQGEQQR,AETEQGEQQR
fcb5,GTPSEDETK,GTPSEDEAK
fcb5,DVTWGVDSLITLAFQDQR,DVPWGVDSLITLAFQDQR
fcb5,ILITWLLSPESLDIK,ILIPWLLSPESLDIK
fcb5,QIVWNGTVGVFEWEAFAR,QIVWNGPVGVFEWEAFAR
fcb5,AGEGDATIHLK,AGEQDATIHLK
fcb5,TSASIGSLCGDAR,TSASIGSLCADAR
fcb5,QEYFVVASTLQDIIR,QEYFVVAATLQDIIR
fcb5,GSASIGSLCADAR,TSASIGSLCADAR
fcb5,AEDEENEK,AEAEENEK
fcb5,DGPNALTPPPTTSEWIK,DGPNALTPPPTTPEWIK
fcb5,AATASAGAGGVDGKPR,AATASAGAGGIDGKPR
acgb1,LLGMVLVCVLAHHFGK,LLGNVLVCVLAHHFGK
acgb1,ASSSSLSMDEK,ASWSSLSMDEK
acgb1,MMADEALSSGLVSR,MMADEALGSGLVSR
acgb1,LISSYDNEFGYSNR,LISWYDNEFGYSNR
acgb1,EPESCDCLQGFQLTHSLGGGTGSGMGTLLLSK,EAESCDCLQGFQLTHSLGGGTGSGMGTLLLSK
acgb1,AGMFVNK,AGMFVSK
acgb1,MYGVLTWNAFPGK,MYGVLPWNAFPGK
acgb1,YDDMSAAMK,YDDMAAAMK
acgb1,FYLGGPTSVR,FYLGGPTSIR
acgb1,DFTPVGTTELGR,DFTPVCTTELGR
acgb1,LLVVYTWTQR,LLVVYPWTQR
acgb1,QVTSTASTFVK,QATSTASTFVK
acgb1,LYCPYQNIK,RYCPYQNIK
acgb1,LDSTDFTSTIK,LDSTDFTGTIK
acgb1,HMAGAAAAGAVVGGLGGYVLGSAMSR,HMAGAAAAGAVVGGLGGYMLGSAMSR
acgb1,QPIGVAAVITTWNFPSAMITR,QPIGVAAVITPWNFPSAMITR
acgb1,FNKPFVFLMIDQNTK,FNKPFVFLMIEQNTK
acgb1,CICNQLSLTTK,CICSQLSLTTK
acgb1,FQLGNSGPNSTIK,FQLSNSGPNSTIK
acgb1,APQAQPTPGPGPAGVK,APQAQPAPGPGPAGVK
acgb1,LYTWGVVEVENPEHNDFLK,LYPWGVVEVENPEHNDFLK
acgb1,VLMVEEPSMMLEWLYGCPPPYHTFEEPVYMK,VLMVEEPSMNLEWLYGCPPPYHTFEEPVYMK
acgb1,LVVGQNGILSTPAVSCIIR,LVIGQNGILSTPAVSCIIR
acgb1,IISNAGCTTNCLAPLAK,IISNASCTTNCLAPLAK
acgb1,GPSGPQGPR,GPAGPQGPR
acgb1,AGVARPGGDTIFGK,AQVARPGGDTIFGK
acgb1,LFGGLLLDIK,LFGGLVLDIK
acgb1,ACNCNPYGTMK,ACNCNLYGTMK
acgb1,QLIMAMPQMQQLIQR,QLIMANPQMQQLIQR
acgb1,AGVAAPATQVVQVTLQSVQR,AGVAAPATQVAQVTLQSVQR
acgb1,AGIWDTAGQER,AQIWDTAGQER
acgb1,EVASAEQLLK,LVASAEQLLK
acgb1,AQAGSATLSMAYAGAR,AGAGSATLSMAYAGAR
acgb1,SGPFGQIFRPDNFTFGQSGAGNNWAK,SGPFGQIFRPDNFVFGQSGAGNNWAK
acgb1,IYIDDNSK,IYIDDNNK
acgb1,SGPFGQIFRPDNFVFGQSGAGNNDAK,SGPFGQIFRPDNFVFGQSGAGNNWAK
acgb1,AGAGSATLNMAYAGAR,AGAGSATLSMAYAGAR
acgb1,SGPFGQIFRPDNFVFGQSGAGNNSAK,SGPFGQIFRPDNFVFGQSGAGNNWAK
acgb1,ILTITGPTDAIFK,IVTITGPTDAIFK
acgb1,SGPFGQLFRPDNFTFGQTGAGNNWAK,SGPFGQLFRPDNFIFGQTGAGNNWAK
acgb1,LAAENGWGVMVSHR,LAQENGWGVMVSHR
acgb1,QDLSILVAK,QDLPILVAK
acgb1,VGSSMRPLLQAQGLTPSER,VGSSMRPLLQAQGLAPSER
acgb1,DVTNDVHYENYR,DVTCDVHYENYR
acgb1,LAQEGGWGVMVSHR,LAQENGWGVMVSHR
acgb1,YLSGEENGVLSPEK,YLSGEENGVVSPEK
acgb1,FFESFGDLSGPDAVMGNPK,FFESFGDLSTPDAVMGNPK
acgb1,MWSIEMIAFGSGGGLLQK,MWSIENIAFGSGGGLLQK
acgb1,LTTPTYEDLNHLVSATMSGVTTCLR,LTTPTYGDLNHLVSATMSGVTTCLR
acgb1,AYHEQLSTAEITNACFEPANQMVK,AYHEQLSVAEITNACFEPANQMVK
acgb1,FTVGDHSR,FTIGDHSR
acgb1,LASENGWGVMVSHR,LAQENGWGVMVSHR
acgb1,AGLGGPEAAK,AQLGGPEAAK
acgb1,FFESFQDLSTPDAVMGNPK,FFESFGDLSTPDAVMGNPK
acgb1,SIQFVDSCPTGFK,SIQFVDWCPTGFK
acgb1,LLLAGYDDFNCNPWDALK,LLLAGYDDFNCNVWDALK
acgb1,MSVNYLVSQQNMLLIPTSFSPLK,ESVNYLVSQQNMLLIPTSFSPLK
acgb1,AGGVFLEELGNHK,AGQVFLEELGNHK
acgb1,GLTSIVNEK,GLTSIQNEK
acgb1,EQLYTTASLK,EQLYTPASLK
acgb1,GMNLNLEPDNVGVVVFGNDK,GMSLNLEPDNVGVVVFGNDK
acgb1,DLTTGYDSSQPNK,DVTTGYDSSQPNK
acgb1,EANALAAGHPAQAAAINAR,EANALAAGHPAQAVAINAR
acgb1,EVDEQDLSVQSK,EVDEQMLSVQSK
acgb1,AVLVDLEPGQMDSVR,AVLVDLEPGTMDSVR
acgb1,YVSLIYTNYEAGK,YISLIYTNYEAGK
acgb1,ILAAQGQVSAQGGAQPSVEAPAAPRPTATQLTR,ILAAQGQLSAQGGAQPSVEAPAAPRPTATQLTR
acgb1,ALTFWNEEIVPQIK,ALPFWNEEIVPQIK
acgb1,VLEAFSDGLAHLDNLK,VLGAFSDGLAHLDNLK
acgb1,SVATGSSEAAGGASGGGAR,SVATGSSETAGGASGGGAR
acgb1,LSPQGQQPLNPQSGSPQQQR,LSPQGQQPLSPQSGSPQQQR
acgb1,AVCMLSNTTAIAESWAR,AVCMLSNTTAIAEAWAR
acgb1,VALPDDHLK,VVLPDDHLK
acgb1,YLSTASTMDHAR,YLATASTMDHAR
acgb1,AAAPAPVSEAVSR,AAAPAPVSEAVCR
acgb1,TCSFDFTGAVEDISK,TCGFDFTGAVEDISK
acgb1,QIDQFASEVER,QIDQFANEVER
acgb1,VNMDEVGGEALGR,VNVDEVGGEALGR
acgb1,AEGVALTNATGVVESTSQAGDR,AEGVALTNATGAVESTSQAGDR
acgb1,FSDGAEGQR,FSWGAEGQR
acgb1,GDSAPAAAK,GDSAPATAK
acgb1,VFEISPFETWITR,VFEISPFEPWITR
acgb1,KDEAPAAPAAQETK,KTEAPAAPAAQETK
acgb1,GVDAQGTLGK,GVDAQGTLSK
acgb1,NYTSMYDK,NYTSVYDK
acgb1,DCEQAENSMAAR,DCEQAENWMAAR
acgb1,WLTLEANPEVTNQFLK,WLPLEANPEVTNQFLK
acgb1,ETPPATEAPSSTPK,ETPAATEAPSSTPK
acgb1,TTWGIIEVENLNHCEFALLR,TPWGIIEVENLNHCEFALLR
acgb1,LVTSPCCIVTSTYGWTAMMER,LVTSPCCIVTSTYGWTANMER
acgb1,NTGQGCVCSNQFLVQR,NTGQTCVCSNQFLVQR
acgb1,IEMLLTEWNK,IETLLTEWNK
acgb1,QTFATLSELHCDK,GTFATLSELHCDK
acgb1,VLQAFSDGLAHLDNLK,VLGAFSDGLAHLDNLK
acgb1,DNFFIELGQTQWLK,DNFFIELGQPQWLK
acgb1,GTDWILGEIK,GPDWILGEIK
acgb1,NRPTSISSDGLDSGK,NRPTSISWDGLDSGK
acgb1,NRPTSISDDGLDSGK,NRPTSISWDGLDSGK
acgb1,QTAASAGLVDAPAAAPAAAR,QTAASAGLVDAPAPAPAAAR
acgb1,SDSELNNEVAAR,SDSELNSEVAAR
acgb1,TTTTGWTLDQCIQTGVDNPGHPFIK,TTPTGWTLDQCIQTGVDNPGHPFIK
acgb1,HLGGITWTYAEDAVPTLTPCR,HLGGIPWTYAEDAVPTLTPCR
acgb1,IVSAGEQQSPQPVSSALSWTITGGR,IVSAGEQQSPQPVSSALSWPITGGR
acgb1,LYTWGIVEVENQAHCDFVK,LYPWGIVEVENQAHCDFVK
acgb1,QTMTGHESDINAICFFPNGNAFATGSDDATCR,QTFTGHESDINAICFFPNGNAFATGSDDATCR
acgb1,DYEFMWNTHLGYILTCPSNLGTGLR,DYEFMWNPHLGYILTCPSNLGTGLR
acgb1,QFGIPTIGEEK,QFGIVTIGEEK
acgb1,STESLQTNVQR,STESLQANVQR
acgb1,NMQNAEESFK,NMQNAEEWFK
acgb1,SADCSVEEETWK,SADCSVEEEPWK
acgb1,GCEENLDEAR,GSEENLDEAR
acgb1,ELVDDSLNNVR,ELVDDSVNNVR
acgb1,TQTDSEAQESTATSDETK,TQTDSEVQESTATSDETK
acgb1,VLMEDDDLYSCVVENPISQGR,VLMEDDDLYSCMVENPISQGR
acgb1,YVSLIYTNYEAGKDDYVK,YISLIYTNYEAGKDDYVK
acgb1,EIIEGAIR,EIIEGCIR
acgb1,DKGDGEEEGEEK,DKGDEEEEGEEK
acgb1,DKDSPETEESPAPEPR,DKDSPETEENPAPEPR
acgb1,DTEEEDFHVDQATTVK,DTEEEDFHVDQVTTVK
acgb1,ALPNSEDLVK,ALPSSEDLVK
acgb1,DSPETEESPAPEPR,DSPETEENPAPEPR
acgb1,ITEDLIEAINNGDFEAYTK,ITEQLIEAINNGDFEAYTK
acgb1,GYPGVQGPEDLEWER,GYPGVQAPEDLEWER
acgb1,APFVDLEPTVIDEVR,AVFVDLEPTVIDEVR
acgb1,LLEGEEDR,LLEGEEER
acgb1,EPFSLFDK,EAFSLFDK
acgb1,APQEADAFMGVESGHVK,APQEADAFMGVESGHMK
acgb1,VELSEQQLQLWTSDVDK,VELSEQQLQLWPSDVDK
acgb1,YLTLDSFDAMFR,YLTLDGFDAMFR
acgb2,GGFDEAAK,GSFDEAAK
acgb2,ETWLNENQR,ETWLSENQR
acgb2,DFTPVGTTELGR,DFTPVCTTELGR
acgb2,NQSQLSADDLK,NQWQLSADDLK
acgb2,LSGDSGIQECFNR,LWGDSGIQECFNR
acgb2,KAEGVALTNATGVVESTSQAGDR,KAEGVALTNATGAVESTSQAGDR
acgb2,AATYWITAPQNLVLSPGEDGTLICR,AAPYWITAPQNLVLSPGEDGTLICR
acgb2,SAVTALSGK,SAVTALWGK
acgb2,AGPHLQGGAK,AGAHLQGGAK
acgb2,DHGVNGFLVYMAFK,DHGVNSFLVYMAFK
acgb2,LLVVYTWTQR,LLVVYPWTQR
acgb2,MYGVLPSNAFPGK,MYGVLPWNAFPGK
acgb2,MYGVLTWNAFPGK,MYGVLPWNAFPGK
acgb2,FYLGGPTSVR,FYLGGPTSIR
acgb2,ALQASALSAWR,ALQASALNAWR
acgb2,AHAFVVQQK,AHAFAVQQK
acgb2,QVTSTASTFVK,QATSTASTFVK
acgb2,HMAGAAAAGAVVGGLGGYVLGSAMSR,HMAGAAAAGAVVGGLGGYMLGSAMSR
acgb2,CICNQLSLTTK,CICSQLSLTTK
acgb2,FQLGNSGPNSTIK,FQLSNSGPNSTIK
acgb2,APQAQPTPGPGPAGVK,APQAQPAPGPGPAGVK
acgb2,IGEMNLTDSILCDGLTDAFHNCHMGITAENVAK,IGEMPLTDSILCDGLTDAFHNCHMGITAENVAK
acgb2,AQGPAASAEEPKPVEVPAANSDQTVTVK,AQGPAASAEEPKPVEAPAANSDQTVTVK
acgb2,LVVGQNGILSTPAVSCIIR,LVIGQNGILSTPAVSCIIR
acgb2,GASEILLK,GASEIVLK
acgb2,MVDFAGMK,MVDFAGVK
acgb2,ITSSNPPAQGAR,ITWSNPPAQGAR
acgb2,VFTSSTGGGAAASR,VFTSWTGGGAAASR
acgb2,AGVAAPATQVVQVTLQSVQR,AGVAAPATQVAQVTLQSVQR
acgb2,LAQEGGWGVMVSHR,LAQENGWGVMVSHR
acgb2,AGLADSFHLQQFFR,AQLADSFHLQQFFR
acgb2,QDEVNAASQR,QDEVNAAWQR
acgb2,DTELWGSVLLESNPYR,DPELWGSVLLESNPYR
acgb2,LYACEVTHQGLSSPVTK,VYACEVTHQGLSSPVTK
acgb2,SGPFGQIFRPDNFVFGQSGAGNNSAK,SGPFGQIFRPDNFVFGQSGAGNNWAK
acgb2,LQGASWDTQSGPQER,LQGASWDTQNGPQER
acgb2,EANELQQSINEK,EANELQQWINEK
acgb2,DVTNDVHYENYR,DVTCDVHYENYR
acgb2,ASENAIVSK,ASENAIVWK
acgb2,VLSSIEQK,VVSSIEQK
acgb2,VGSSMRPLLQAQGLTPSER,VGSSMRPLLQAQGLAPSER
acgb2,NLSTFAMDGK,NLSTFAVDGK
acgb2,YPIEHGIITNSDDMEK,YPIEHGIITNWDDMEK
acgb2,LLLAGYDDFNLNIWDAMK,LLLAGYDDFNCNIWDAMK
acgb2,EQGVLSFSR,EQGVLSFWR
acgb2,AQFAGDDAPR,AGFAGDDAPR
acgb2,AGGVFLEELGNHK,AGQVFLEELGNHK
acgb2,SIQFVDDCPTGFK,SIQFVDWCPTGFK
acgb2,DQDGTITTK,DGDGTITTK
acgb2,LEEEQQSLK,LEEEGQSLK
acgb2,YPIEHSIITNWDDMEK,YPIEHGIITNWDDMEK
acgb2,LDEHQGEGTTPCTSSILQEK,LDEHQGEGTAPCTSSILQEK
acgb2,SIQFVDSCPTGFK,SIQFVDWCPTGFK
acgb2,AVCMLSNTTAIAEASAR,AVCMLSNTTAIAEAWAR
acgb2,AVCMLSNTTAIAESWAR,AVCMLSNTTAIAEAWAR
acgb2,LTTPTYEDLNHLVSATMSGVTTCLR,LTTPTYGDLNHLVSATMSGVTTCLR
acgb2,FTVGDHSR,FTIGDHSR
acgb2,LAAENGWGVMVSHR,LAQENGWGVMVSHR
acgb2,NVDCLLLAR,NVDCVLLAR
acgb2,EIPHLQAGQCGNQIGAK,EIVHLQAGQCGNQIGAK
acgb2,SSTQSSAPPAPGAR,SSAQSSAPPAPGAR
acgb2,EFTPPPQAAYQK,EFTPPVQAAYQK
acgb2,NSSYFVESIPNNVK,NSSYFVEWIPNNVK
acgb2,NTGQGCVCSNQFLVQR,NTGQTCVCSNQFLVQR
acgb2,NNPETWNK,NNPEPWNK
acgb2,AFDQGADAIYDHVNEGK,AFDQGADAIYDHINEGK
acgb2,VDIDVPDVGVQGPDWHLK,VDIDVPDVNVQGPDWHLK
acgb2,FFESFGDLSTPDSVMGNPK,FFESFGDLSTPDAVMGNPK
acgb2,YADDTFTPAFVSNVGIDFK,YADDTFTPAFVSTVGIDFK
acgb2,YAASSYLSLTTEQWK,YAASSYLSLTPEQWK
acgb2,MQDAFSAIGQNADLDLPQIAVVGGQSAGK,LQDAFSAIGQNADLDLPQIAVVGGQSAGK
acgb2,AQGPAASAEEPKPVEVPAANSDQTVTVKE,AQGPAASAEEPKPVEAPAANSDQTVTVKE
acgb2,TPSAGDQDR,TPAAGDQDR
acgb2,LCYVALMFEQEMATAASSSSLEK,LCYVALDFEQEMATAASSSSLEK
acgb2,AILVDLEPGQMDSVR,AILVDLEPGTMDSVR
acgb2,ILAAQGQVSAQGGAQPSVEAPAAPRPTATQLTR,ILAAQGQLSAQGGAQPSVEAPAAPRPTATQLTR
acgb2,VFEISPFETWITR,VFEISPFEPWITR
acgb2,AAAPAPVSEAVSR,AAAPAPVSEAVCR
acgb2,DYSWDNAQVLLVGNK,TYSWDNAQVLLVGNK
acgb2,ALTFWNEEIVPQIK,ALPFWNEEIVPQIK
acgb2,DSRPSQAAGDNQGDEVK,DSRPSQAAGDNQGDEAK
acgb2,GVDAQTTLSK,GVDAQGTLSK
acgb2,VLQAFSDGLAHLDNLK,VLGAFSDGLAHLDNLK
acgb2,WLTLEANPEVTNQFLK,WLPLEANPEVTNQFLK
acgb2,SVATGSSEAAGGASGGGAR,SVATGSSETAGGASGGGAR
acgb2,TCSFDFTGAVEDISK,TCGFDFTGAVEDISK
acgb2,GDSAPAAAK,GDSAPATAK
acgb2,GTFATLSELHSDK,GTFATLSELHCDK
acgb2,AEGAPNQGK,AEGTPNQGK
acgb2,ENTDLAGELR,ENADLAGELR
acgb2,AEMEQGEQQR,AETEQGEQQR
acgb2,DCEQAENSMAAR,DCEQAENWMAAR
acgb2,PQPPPPPPGAHSPGASPGPGTATAER,PQPPPPPPGAHSPGATPGPGTATAER
acgb2,TTWGIIEVENLNHCEFALLR,TPWGIIEVENLNHCEFALLR
acgb2,DLEESNQR,DLEEWNQR
acgb2,IFELSELR,IFELTELR
acgb2,QTFATLSELHCDK,GTFATLSELHCDK
acgb2,NTSSAGSWNSGSSGPGSTGNR,NPSSAGSWNSGSSGPGSTGNR
acgb2,LAMQEFMILPVGAEGFR,LAMQEFMILPVGAESFR
acgb2,SDSELNNEVAAR,SDSELNSEVAAR
acgb2,LNSVTAADTAVYYCAR,LSSVTAADTAVYYCAR
acgb2,LTTPTYGMLNHLVSATMSGVTTCLR,LTTPTYGDLNHLVSATMSGVTTCLR
acgb2,NRPTSISSDGLDSGK,NRPTSISWDGLDSGK
acgb2,GHLDNISNNLLIGAINVENGK,GHLDNISNNLLIGAINIENGK
acgb2,NRPTSISDDGLDSGK,NRPTSISWDGLDSGK
acgb2,QTAASAGLVDAPAAAPAAAR,QTAASAGLVDAPAPAPAAAR
acgb2,DVTGDNINTAR,MVTGDNINTAR
acgb2,IINEPTSAAIAYGLDK,IINEPTAAAIAYGLDK
acgb2,SLLEGTPSSASEGDEDLRR,WLLEGTPSSASEGDEDLRR
acgb2,DLYANDVLSGGTTMYPGIADR,DLYANTVLSGGTTMYPGIADR
acgb2,LYTWGIVEVENQAHCDFVK,LYPWGIVEVENQAHCDFVK
acgb2,SAGLAPDCEASATAETTVSSVGTCEAAAK,SAGLAPDCEASATAETTVSSVGTCEAAGK
acgb2,ENAEQGEVDVESHR,ENAEQGEVDMESHR
acgb2,GVDAQGTSSK,GVDAQGTLSK
acgb2,EVAQQAVDADVHAVGVSTLAAGHK,EVAQQAVDADVHAVGISTLAAGHK
acgb2,ELVDDSLNNVR,ELVDDSVNNVR
acgb2,VAPEEHPPLLTEAPLNPK,VAPEEHPVLLTEAPLNPK
acgb2,NMQNAEESFK,NMQNAEEWFK
acgb2,SQGGEPTYMVAVGR,SQGGEPTYNVAVGR
acgb2,DSYVGDESQSK,DSYVGDEAQSK
acgb2,HLGGITWTYAEDAVPTLTPCR,HLGGIPWTYAEDAVPTLTPCR
acgb2,GFTGGVATVTLIPGDGIGPEISAAVMK,GFTGGVQTVTLIPGDGIGPEISAAVMK
acgb2,ISMPDLDLNLK,ISMPDFDLNLK
acgb2,GSASIGSLCADAR,TSASIGSLCADAR
acgb2,TSASIGSLCGDAR,TSASIGSLCADAR
acgb2,ALPNSEDLVK,ALPSSEDLVK
acgb2,ILAAQGQVSAQGGAQPSVEAPAAPR,ILAAQGQLSAQGGAQPSVEAPAAPR
acgb2,ISMPDLDLNLK,ISMPDVDLNLK
acgb2,LLEGEEDR,LLEGEEER
acgb2,EPFSLFDK,EAFSLFDK
acgb2,GCEENLDEAR,GSEENLDEAR
acgb2,SGDRGETGPAGPSGPVGPVGAR,SGDRGETGPAGPTGPVGPVGAR
acgb2,SGDRGETGPAGPAGPVGPVGAR,SGDRGETGPAGPTGPVGPVGAR
acgb2,EGEDMIVEEHFGSEK,EGEDMIAEEHFGSEK
acgb2,DKDSPETEESPAPEPR,DKDSPETEENPAPEPR
acgb2,DATNVGDEGGFAPNILESK,DATNVGDEGGFAPNILENK
acgb2,AGAYDFPSTEWDTVTPEAK,AGAYDFPSPEWDTVTPEAK
acgb2,DSPETEESPAPEPR,DSPETEENPAPEPR
acgb2,GYPGVQGPEDLEWER,GYPGVQAPEDLEWER
acgb2,TQTDSEAQESTATSDETK,TQTDSEVQESTATSDETK
acgb2,DNPLLAQLIQDK,DNALLAQLIQDK
acgb2,KPEGAGEEQAAK,KVEGAGEEQAAK
acgb2,RYEQEHSAIQDK,RYEQEHAAIQDK
acgb2,APQEADAFMGVESGHVK,APQEADAFMGVESGHMK
acgb2,DGPNALTPPPTTTEWVK,DGPNALTPPPTTPEWVK
acgb2,LTQAQIFDYSEIPNFPR,LTQAQIFDYGEIPNFPR
acgb2,VDYIMQLPVNMDAALNK,VDYIMQLPVPMDAALNK
acgb2,AAHVFFTDSCPDALFNELPK,AAHVFFTDSCPDALFNELVK
acgb2,QYTWGVVQVENENHCDFVK,QYPWGVVQVENENHCDFVK
acgb2,ATSWFDTGLSEMR,APSWFDTGLSEMR
acgb2,EAPSYQEALAR,EAASYQEALAR
acgb2,ASSSSLSMDEK,ASWSSLSMDEK
acgb2,VLGTAGTEEGQK,ILGTAGTEEGQK
acgb2,GILAADESVGNMAK,GILAADESVGSMAK
acgb2,EIVMTQSPGTLSLSPGER,EIVLTQSPGTLSLSPGER
acgb2,ELVDDSLNNVRK,ELVDDSVNNVRK
acgb2,IGEAEATVIEAMGK,IGEAEAAVIEAMGK
acgb2,AGPESDAGYQFTGIK,AGPESDAQYQFTGIK
acgb2,MVQAEEMVEFSSGLK,NVQAEEMVEFSSGLK
acgb2,DVQSGGCSANDSR,MVQSGGCSANDSR
acgb2,AEDDAAIASCK,AEMDAAIASCK
acgb2,FDLGQDVIMFTGHALALYR,FDLGQDVIDFTGHALALYR
acgb2,ETPAATEAPSSGPK,ETPAATEAPSSTPK
acgb2,LLTQDEGPALVPSGR,LLTQDEGPALVPGGR
acgb2,QLQSLDCDLESLR,QLQSLTCDLESLR
acgb2,QNAYIATQGPLPETFGDFWR,QNAYIATQGSLPETFGDFWR
acgb2,TQETPSAQDEGFLNR,TQETPSAQMEGFLNR
acgb2,LISSYDNEFGYSNR,LISWYDNEFGYSNR
acgb2,ADLEEQSSDEEK,ADLEEQLSDEEK
acgb2,DDDTAALVVDNGSGMCK,DDDIAALVVDNGSGMCK
acgb2,DDDISALVVDNGSGMCK,DDDIAALVVDNGSGMCK
acgb2,DDDIAALVVDNGSGTCK,DDDIAALVVDNGSGMCK
acgb2,DDDIAALPVDNGSGMCK,DDDIAALVVDNGSGMCK
acgb3,LLQNVLVCVLAHHFGK,LLGNVLVCVLAHHFGK
acgb3,DFTPVGTTELGR,DFTPVCTTELGR
acgb3,LSGDSGIQECFNR,LWGDSGIQECFNR
acgb3,PGAHAGEYGAEALER,VGAHAGEYGAEALER
acgb3,KAEGVALTNATGVVESTSQAGDR,KAEGVALTNATGAVESTSQAGDR
acgb3,MYGVLTWNAFPGK,MYGVLPWNAFPGK
acgb3,ITSEAGDGATK,ITSEGGDGATK
acgb3,LLVVYTWTQR,LLVVYPWTQR
acgb3,FYLGGPTSVR,FYLGGPTSIR
acgb3,LLLTWLEAR,LLLPWLEAR
acgb3,VVLPIETPIR,VVLPIEAPIR
acgb3,VVLAYETVWAIGTGK,VVLAYEPVWAIGTGK
acgb3,IYIDDNSK,IYIDDNNK
acgb3,QVTSTASTFVK,QATSTASTFVK
acgb3,HMAGAAAAGAVVGGLGGYVLGSAMSR,HMAGAAAAGAVVGGLGGYMLGSAMSR
acgb3,APQAQPTPGPGPAGVK,APQAQPAPGPGPAGVK
acgb3,LVVGQNGILSTPAVSCIIR,LVIGQNGILSTPAVSCIIR
acgb3,LFGGLLLDIK,LFGGLVLDIK
acgb3,ITSSNPPAQGAR,ITWSNPPAQGAR
acgb3,AYHEQLSVAEITNACFENANQMVK,AYHEQLSVAEITNACFEPANQMVK
acgb3,QIQENLIVPGGVK,QIGENLIVPGGVK
acgb3,AGLADSFHLQQFFR,AQLADSFHLQQFFR
acgb3,SAVENCQDSSR,SAVENCQDSWR
acgb3,FFESFGDLSGPDAVMGNPK,FFESFGDLSTPDAVMGNPK
acgb3,LLLAGYDDFNCNPWDALK,LLLAGYDDFNCNVWDALK
acgb3,QYTWGVAEVENGEHCDFTILR,QYPWGVAEVENGEHCDFTILR
acgb3,SGPFGQIFRPDNFVFGQSGAGNNSAK,SGPFGQIFRPDNFVFGQSGAGNNWAK
acgb3,SGPFGQIFRPDNFVFGQSGAGNNDAK,SGPFGQIFRPDNFVFGQSGAGNNWAK
acgb3,DVTNDVHYENYR,DVTCDVHYENYR
acgb3,LAQEGGWGVMVSHR,LAQENGWGVMVSHR
acgb3,HWTFQVINDGDKPK,HWPFQVINDGDKPK
acgb3,SGFAGDDAPR,AGFAGDDAPR
acgb3,AQFAGDDAPR,AGFAGDDAPR
acgb3,DGDGTITDK,DGDGTITTK
acgb3,GHYDEGAELVDSVLDVVR,GHYTEGAELVDSVLDVVR
acgb3,LEEEQQSLK,LEEEGQSLK
acgb3,YPIEHGIITNSDDMEK,YPIEHGIITNWDDMEK
acgb3,LSGSNSGNTATLTISR,FSGSNSGNTATLTISR
acgb3,LASENGWGVMVSHR,LAQENGWGVMVSHR
acgb3,AGGVFLEELGNHK,AGQVFLEELGNHK
acgb3,TVPGEAVTSK,TVPVEAVTSK
acgb3,EQLYTTASLK,EQLYTPASLK
acgb3,FFESFGDLSTPDAVDGNPK,FFESFGDLSTPDAVMGNPK
acgb3,FFESFQDLSTPDAVMGNPK,FFESFGDLSTPDAVMGNPK
acgb3,SIQFVDSCPTGFK,SIQFVDWCPTGFK
acgb3,YVSLIYTNYEAGK,YISLIYTNYEAGK
acgb3,NSSYFVESIPNNVK,NSSYFVEWIPNNVK
acgb3,NSSYFPEWIPNNVK,NSSYFVEWIPNNVK
acgb3,FTVGDHSR,FTIGDHSR
acgb3,YLSTASTMDHAR,YLATASTMDHAR
acgb3,VIATFSCSGEK,VIATFTCSGEK
acgb3,NTGQGCVCSNQFLVQR,NTGQTCVCSNQFLVQR
acgb3,DDAANNYAR,EDAANNYAR
acgb3,SSVLEGLVGR,SSVLESLVGR
acgb3,VLGPFSDGLAHLDNLK,VLGAFSDGLAHLDNLK
acgb3,VLEAFSDGLAHLDNLK,VLGAFSDGLAHLDNLK
acgb3,ILAAQGQVSAQGGAQPSVEAPAAPRPTATQLTR,ILAAQGQLSAQGGAQPSVEAPAAPRPTATQLTR
acgb3,AILVDLEPGQMDSVR,AILVDLEPGTMDSVR
acgb3,CQPGFHSLTEAGCRPCSCDPSGSIDECNVETGR,CQPGFHSLTEAGCRPCSCDPSGSIDECNIETGR
acgb3,TGTAEMNSILEER,TGTAEMSSILEER
acgb3,VQAQHDYMATDTDELQLK,VQAQHDYTATDTDELQLK
acgb3,RMNCAEDYLSVVLNQLCVLHEK,RMPCAEDYLSVVLNQLCVLHEK
acgb3,GAAAVQQLQAEGLSPR,GQAAVQQLQAEGLSPR
acgb3,AVLVDLEPGQMDSVR,AVLVDLEPGTMDSVR
acgb3,GIEEEEILPGFILCDANNLCHSGR,GIEEEEILPGFILCDPNNLCHSGR
acgb3,MCDNGMTAFEPEALGNLVEGLDFHR,MCDPGMTAFEPEALGNLVEGLDFHR
acgb3,LAPEALSSLDGDLAGR,LAVEALSSLDGDLAGR
acgb3,RPGEDMEEEQAFK,RPAEDMEEEQAFK
acgb3,AGGENISVSK,AGQENISVSK
acgb3,GVDAQTTLSK,GVDAQGTLSK
acgb3,AEGVALTNATGVVESTSQAGDR,AEGVALTNATGAVESTSQAGDR
acgb3,SVATGSSEAAGGASGGGAR,SVATGSSETAGGASGGGAR
acgb3,TTWGIIEVENLNHCEFALLR,TPWGIIEVENLNHCEFALLR
acgb3,TCSFDFTGAVEDISK,TCGFDFTGAVEDISK
acgb3,YASICQQMGIVPIVEPEILPDGDHDLK,YASICQQNGIVPIVEPEILPDGDHDLK
acgb3,GDSAPAAAK,GDSAPATAK
acgb3,ENTDLAGELR,ENADLAGELR
acgb3,IQAADYQPTEQDILR,IGAADYQPTEQDILR
acgb3,ATGPAPGPTSEREPAAGPGR,ATGPAPGPTGEREPAAGPGR
acgb3,SDSELNNEVAAR,SDSELNSEVAAR
acgb3,MLMAEDIVNTPKPDER,MLDAEDIVNTPKPDER
acgb3,SSQESGEEAGSQENHPQESK,SSQESGEETGSQENHPQESK
acgb3,DYEFDWNPHLGYILTCPSNLGTGLR,DYEFMWNPHLGYILTCPSNLGTGLR
acgb3,AATYWLDEPK,AAPYWLDEPK
acgb3,NRPTSISSDGLDSGK,NRPTSISWDGLDSGK
acgb3,QTAASAGLVDAPAAAPAAAR,QTAASAGLVDAPAPAPAAAR
acgb3,NPSSAGSSNSGSSGPGSTGNR,NPSSAGSWNSGSSGPGSTGNR
acgb3,LYTWGIVEVENQAHCDFVK,LYPWGIVEVENQAHCDFVK
acgb3,EAEGSGASGGGGGDTSQLR,EAEGSGASGGGGGDTTQLR
acgb3,TTTTGWTLDQCIQTGVDNPGHPFIK,TTPTGWTLDQCIQTGVDNPGHPFIK
acgb3,LQDVYVNDAFGTAHR,LGDVYVNDAFGTAHR
acgb3,ALTVPELTQQDFDAK,ALTVPELTQQVFDAK
acgb3,ALDVPELTQQVFDAK,ALTVPELTQQVFDAK
acgb3,ELVDDSLNNVR,ELVDDSVNNVR
acgb3,ASDTALYYCAR,ASDTAMYYCAR
acgb3,VAPEEHPPLLTEAPLNPK,VAPEEHPVLLTEAPLNPK
acgb3,NMQNAEESFK,NMQNAEEWFK
acgb3,HLGGITWTYAEDAVPTLTPCR,HLGGIPWTYAEDAVPTLTPCR
acgb3,EPFSLFDK,EAFSLFDK
acgb3,GVDAQGTSSK,GVDAQGTLSK
acgb3,GSASIGSLCADAR,TSASIGSLCADAR
acgb3,STESLQTNVQR,STESLQANVQR
acgb3,QEFEVMEDHAGMYGLGDR,QEFEVMEDHAGTYGLGDR
acgb3,ALPNSEDLVK,ALPSSEDLVK
acgb3,AMGIMMSFVNDIFER,AMGIMNSFVNDIFER
acgb3,LLEGEEDR,LLEGEEER
acgb3,GCEENLDEAR,GSEENLDEAR
acgb3,DTEEEDFHVDQATTVK,DTEEEDFHVDQVTTVK
acgb3,DSPETEESPAPEPR,DSPETEENPAPEPR
acgb3,EQSGDYECSASNDVATPVVR,EQSGDYECSASNDVAAPVVR
acgb3,MVQAEEMVEFSSGLK,NVQAEEMVEFSSGLK
acgb3,APQEADAFMGVESGHVK,APQEADAFMGVESGHMK
acgb3,QYTWGVVQVENENHCDFVK,QYPWGVVQVENENHCDFVK
acgb3,QYPWNVVQVENENHCDFVK,QYPWGVVQVENENHCDFVK
acgb3,ATSWFDTGLSEMR,APSWFDTGLSEMR
acgb3,AGALQEECGYLR,AQALQEECGYLR
acgb3,VLGTAGTEEGQK,ILGTAGTEEGQK
acgb3,GIQEEDEALVK,GIQEEMEALVK
acgb3,VQAHAGEYGAEALER,VGAHAGEYGAEALER
acgb3,TLNEADCATLPPAIR,TLNEADCATVPPAIR
acgb3,LYTWGVVEVENPEHNDFLK,LYPWGVVEVENPEHNDFLK
acgb3,AVDLITWMEYEFR,AVDLIPWMEYEFR
acgb3,EPLQDVEDENQ,EALQDVEDENQ
acgb3,DDDIAALVVDNGSGMCL,DDDIAALVVDNGSGMCK
acgb4,SLPSATEDAK,TLPSATEDAK
acgb4,DFTPVGTTELGR,DFTPVCTTELGR
acgb4,NQSQLSADDLK,NQWQLSADDLK
acgb4,NQDQLSADDLK,NQWQLSADDLK
acgb4,NISFTVSDVGGQDK,NISFTVWDVGGQDK
acgb4,FFESFGMLSTPDAVMGNPK,FFESFGDLSTPDAVMGNPK
acgb4,LLQNVLVCVLAHHFGK,LLGNVLVCVLAHHFGK
acgb4,SAVTALSGK,SAVTALWGK
acgb4,MYGVLPWMAFPGK,MYGVLPWNAFPGK
acgb4,MYGVLTWNAFPGK,MYGVLPWNAFPGK
acgb4,MYGLLPWNAFPGK,MYGVLPWNAFPGK
acgb4,FYLGGPTSVR,FYLGGPTSIR
acgb4,LLVVYTWTQR,LLVVYPWTQR
acgb4,LLLTWLEAR,LLLPWLEAR
acgb4,QVTSTASTFVK,QATSTASTFVK
acgb4,CICNQLSLTTK,CICSQLSLTTK
acgb4,FQLGNSGPNSTIK,FQLSNSGPNSTIK
acgb4,TPCAVSCNIPVVSGK,TPCTVSCNIPVVSGK
acgb4,IISNAGCTTNCLAPLAK,IISNASCTTNCLAPLAK
acgb4,LEVNMVPFPR,LAVNMVPFPR
acgb4,AGVAAPATQVVQVTLQSVQR,AGVAAPATQVAQVTLQSVQR
acgb4,NSESCDCLQGFQLTHSLGGGTGSGMGTLLISK,ESESCDCLQGFQLTHSLGGGTGSGMGTLLISK
acgb4,LAQEGGWGVMVSHR,LAQENGWGVMVSHR
acgb4,YPIEHGIITNSDDMEK,YPIEHGIITNWDDMEK
acgb4,LYACEVTHQGLSSPVTK,VYACEVTHQGLSSPVTK
acgb4,SGPFGQIFRPDNFVFGQSGAGNNSAK,SGPFGQIFRPDNFVFGQSGAGNNWAK
acgb4,MDIAIHHTWIR,MDIAIHHPWIR
acgb4,LAAENGWGVMVSHR,LAQENGWGVMVSHR
acgb4,TVGMLSMMIAFYDMAR,TVGMLSNMIAFYDMAR
acgb4,VGSSMRPLLQAQGLTPSER,VGSSMRPLLQAQGLAPSER
acgb4,TMQGSEVVSVLK,TMQGSEVVNVLK
acgb4,FFESFGDLSTPDAVMGMPK,FFESFGDLSTPDAVMGNPK
acgb4,AGGVFLEELGNHK,AGQVFLEELGNHK
acgb4,SIQFVDSCPTGFK,SIQFVDWCPTGFK
acgb4,DGGAASPANEGR,DGGAASPATEGR
acgb4,CSEQTGDGTSK,SSEQTGDGTSK
acgb4,EQLYTTASLK,EQLYTPASLK
acgb4,NSSYFPEWIPNNVK,NSSYFVEWIPNNVK
acgb4,YLSTASTMDHAR,YLATASTMDHAR
acgb4,HNMVGETEEEK,HNMCGETEEEK
acgb4,TIDFVDWCPTGFK,TIQFVDWCPTGFK
acgb4,VLEAFSDGLAHLDNLK,VLGAFSDGLAHLDNLK
acgb4,NTGQGCVCSNQFLVQR,NTGQTCVCSNQFLVQR
acgb4,FDQALNVDLTEFQTNLVPYPR,FDGALNVDLTEFQTNLVPYPR
acgb4,EANALAAGHPAQAAAINAR,EANALAAGHPAQAVAINAR
acgb4,DLTTGYDSSQPNK,DVTTGYDSSQPNK
acgb4,AAAPAPVSEAVSR,AAAPAPVSEAVCR
acgb4,TGTAEMNSILEER,TGTAEMSSILEER
acgb4,MQDAFSAIGQNADLDLPQIAVVGGQSAGK,LQDAFSAIGQNADLDLPQIAVVGGQSAGK
acgb4,ILAAQGQVSAQGGAQPSVEAPAAPRPTATQLTR,ILAAQGQLSAQGGAQPSVEAPAAPRPTATQLTR
acgb4,TTWGIIEVENLNHCEFALLR,TPWGIIEVENLNHCEFALLR
acgb4,GFEVVYGTEPIDEYCVQQLK,GFEVVYMTEPIDEYCVQQLK
acgb4,VQINYQPPTVVPGGDLAK,VGINYQPPTVVPGGDLAK
acgb4,GVDAQTTLSK,GVDAQGTLSK
acgb4,SVATGSSEAAGGASGGGAR,SVATGSSETAGGASGGGAR
acgb4,LEIWDTAGQER,FEIWDTAGQER
acgb4,NRDVEMGMSVIEENEMK,NRDVEMGNSVIEENEMK
acgb4,NMTEAEQQQLIDDHFLFDK,SMTEAEQQQLIDDHFLFDK
acgb4,GDSAPAAAK,GDSAPATAK
acgb4,FSWGQEGQR,FSWGAEGQR
acgb4,ENTDLAGELR,ENADLAGELR
acgb4,QLAEEDAAQQR,QLAEEDLAQQR
acgb4,HNDVIPSMAQGVIEYK,HNDVIPTMAQGVIEYK
acgb4,WGMAGAEYVVESTGVFTTMEK,WGDAGAEYVVESTGVFTTMEK
acgb4,TIGGGDDSFMTFFSETGAGK,TIGGGDDSFNTFFSETGAGK
acgb4,SDSELNNEVAAR,SDSELNSEVAAR
acgb4,VGEQAQVVIIDMMDPSNPIR,VGEQAQVVIIDMNDPSNPIR
acgb4,QTAASAGLVDAPAAAPAAAR,QTAASAGLVDAPAPAPAAAR
acgb4,MGMLDDDEFALANHLIK,DGMLDDDEFALANHLIK
acgb4,MNSPIPILPLPTPDAETEK,MESPIPILPLPTPDAETEK
acgb4,GVDAQGTSSK,GVDAQGTLSK
acgb4,ELVDDSLNNVR,ELVDDSVNNVR
acgb4,VAPEEHPVLLDEAPLNPK,VAPEEHPVLLTEAPLNPK
acgb4,HLGGITWTYAEDAVPTLTPCR,HLGGIPWTYAEDAVPTLTPCR
acgb4,VMQVVDEK,IMQVVDEK
acgb4,AGFEGIVTDLIR,AQFEGIVTDLIR
acgb4,DSYVQDEAQSK,DSYVGDEAQSK
acgb4,TTGIVMMSGDGVTHTVPIYEGYALPHAILR,TTGIVMDSGDGVTHTVPIYEGYALPHAILR
acgb4,YPGAWLAWCQEEHK,YPGAELAWCQEEHK
acgb4,NLIPFMQMTIEDLNEAFPETK,NLIPFDQMTIEDLNEAFPETK
acgb4,LTQAQIFDYSEIPNFPR,LTQAQIFDYGEIPNFPR
acgb4,GYFIQPTVFGDVQMGMTIAK,GYFIQPTVFGDVQDGMTIAK
acgb4,VGAHAGEDGAEALER,VGAHAGEYGAEALER
acgb4,VGANAGEYGAEALER,VGAHAGEYGAEALER
acgb4,ATSWFDTGLSEMR,APSWFDTGLSEMR
acgb4,VQAHAGEYGAEALER,VGAHAGEYGAEALER
acgb4,VGAHSGEYGAEALER,VGAHAGEYGAEALER
acgb4,GAEATETPAK,GAEATETQAK
acgb4,TLNEADCATLPPAIR,TLNEADCATVPPAIR
acgb4,DDDIAALPVDNGSGMCK,DDDIAALVVDNGSGMCK
acgb4,DDDIAALVVDNGSGDCK,DDDIAALVVDNGSGMCK
acgb5,PGAHAGEYGAEALER,VGAHAGEYGAEALER
acgb5,VQAHAGEYGAEALER,VGAHAGEYGAEALER
acgb5,SLPSATEDAK,TLPSATEDAK
acgb5,DFTPVGTTELGR,DFTPVCTTELGR
acgb5,NQSQLSADDLK,NQWQLSADDLK
acgb5,LRDEQLNSPYSCQAEGPCLTR,LRDEQLNAPYSCQAEGPCLTR
acgb5,KAEGVALTNATGVVESTSQAGDR,KAEGVALTNATGAVESTSQAGDR
acgb5,VAVIGSPVDLTYTYDHLGDSPK,VALIGSPVDLTYTYDHLGDSPK
acgb5,GFVPMMQVEGVFYVNDALEK,GFVPNMQVEGVFYVNDALEK
acgb5,EAESCDCLQGFQLTHSLGGGTGNGMGTLLLSK,EAESCDCLQGFQLTHSLGGGTGSGMGTLLLSK
acgb5,VVAQVANALAHK,VVAGVANALAHK
acgb5,ESDWLSQSMFTCR,ESDWLGQSMFTCR
acgb5,MYGVLTWNAFPGK,MYGVLPWNAFPGK
acgb5,MYQVLPWNAFPGK,MYGVLPWNAFPGK
acgb5,QVTSTASTFVK,QATSTASTFVK
acgb5,VCGSGLLSICK,VCGSNLLSICK
acgb5,HMAGAAAAGAVVGGLGGYVLGSAMSR,HMAGAAAAGAVVGGLGGYMLGSAMSR
acgb5,QALQNIIPASTGAAK,GALQNIIPASTGAAK
acgb5,IISNAGCTTNCLAPLAK,IISNASCTTNCLAPLAK
acgb5,LVVGQNGILSTPAVSCIIR,LVIGQNGILSTPAVSCIIR
acgb5,VGNTWDPNVLYGPLHTK,VGNPWDPNVLYGPLHTK
acgb5,EITALSPSTMK,EITALAPSTMK
acgb5,QNDISSGTVLSDYVGSGPPK,GNDISSGTVLSDYVGSGPPK
acgb5,DAATFIGNSTAIQELFK,MAATFIGNSTAIQELFK
acgb5,LAAENGWGVMVSHR,LAQENGWGVMVSHR
acgb5,STMMNPTTTQYASLMHSFILK,STMDNPTTTQYASLMHSFILK
acgb5,DLYANTVLSGGTQMYPGIADR,DLYANTVLSGGTTMYPGIADR
acgb5,VGSSMRPLLQAQGLTPSER,VGSSMRPLLQAQGLAPSER
acgb5,DVTNDVHYENYR,DVTCDVHYENYR
acgb5,MSATFIQNSTAIQELFK,MSATFIGNSTAIQELFK
acgb5,TIQFVDSCPTGFK,TIQFVDWCPTGFK
acgb5,EDAANNDAR,EDAANNYAR
acgb5,AGGVFLEELGNHK,AGQVFLEELGNHK
acgb5,AGLQDLNDR,AQLQDLNDR
acgb5,VGSTENLK,IGSTENLK
acgb5,AQQVFLEELGNHK,AGQVFLEELGNHK
acgb5,CSEQTGDGTSK,SSEQTGDGTSK
acgb5,LDEHQGEGTTPCTSSILQEK,LDEHQGEGTAPCTSSILQEK
acgb5,SIQFVDSCPTGFK,SIQFVDWCPTGFK
acgb5,GLTSIVNEK,GLTSIQNEK
acgb5,VLEAFSDGLAHLDNLK,VLGAFSDGLAHLDNLK
acgb5,TSIAVDTIINQK,TSIAIDTIINQK
acgb5,PVSPALSEGSSSEATTPVISSVAER,PASPALSEGSSSEATTPVISSVAER
acgb5,FFESFQDLSTPDAVMGNPK,FFESFGDLSTPDAVMGNPK
acgb5,YVSLIYTNYEAGK,YISLIYTNYEAGK
acgb5,NTGQGCVCSNQFLVQR,NTGQTCVCSNQFLVQR
acgb5,EANALAAGHPAQAAAINAR,EANALAAGHPAQAVAINAR
acgb5,GVQDIVVGEGTHFLITWVQK,GVQDIVVGEGTHFLIPWVQK
acgb5,AFDQGADAIYDHVNEGK,AFDQGADAIYDHINEGK
acgb5,ALTFWNEEIVPQIK,ALPFWNEEIVPQIK
acgb5,FSPDAMNALFKPTIDSIIEHLR,MSPDAMNALFKPTIDSIIEHLR
acgb5,TGTAEMNSILEER,TGTAEMSSILEER
acgb5,GFEVVYGTEPIDEYCVQQLK,GFEVVYMTEPIDEYCVQQLK
acgb5,TQDENPPVHFFK,TQDENPVVHFFK
acgb5,TCSFDFTGAVEDISK,TCGFDFTGAVEDISK
acgb5,NDENEFVAVTSTNAAK,MDENEFVAVTSTNAAK
acgb5,VLGAFSDGLAHLDNVK,VLGAFSDGLAHLDNLK
acgb5,GVDAQTTLSK,GVDAQGTLSK
acgb5,NYTSMYDK,NYTSVYDK
acgb5,SVATGSSEAAGGASGGGAR,SVATGSSETAGGASGGGAR
acgb5,WLTLEANPEVTNQFLK,WLPLEANPEVTNQFLK
acgb5,EGVVDGVATVAEK,EGVVHGVATVAEK
acgb5,AEGAPNQGK,AEGTPNQGK
acgb5,QTFATLSELHCDK,GTFATLSELHCDK
acgb5,DSRPSQAAGDNQGDEVK,DSRPSQAAGDNQGDEAK
acgb5,GDSAPAAAK,GDSAPATAK
acgb5,VLNNMNIGTSLFDEEGAK,VLNNMEIGTSLFDEEGAK
acgb5,GFIGPGIDVPAPDDSTGER,GFIGPGIDVPAPDMSTGER
acgb5,NRPTSISDDGLDSGK,NRPTSISWDGLDSGK
acgb5,QTAASAGLVDAAAPAPAAAR,QTAASAGLVDAPAPAPAAAR
acgb5,QTAASAGLVDAPAAAPAAAR,QTAASAGLVDAPAPAPAAAR
acgb5,SDSELNNEVAAR,SDSELNSEVAAR
acgb5,AAEAAAAPAESASPAAGEEPSK,AAEAAAAPAESAAPAAGEEPSK
acgb5,VPTANVSVVDLTCF,VPTANVSVVDLTCR
acgb5,VDNSSLTGESEPQDR,VDNSSLTGESEPQTR
acgb5,DYEFMWNTHLGYILTCPSNLGTGLR,DYEFMWNPHLGYILTCPSNLGTGLR
acgb5,GVDAQGTSSK,GVDAQGTLSK
acgb5,ALTVPELDQQMFDAK,ALTVPELTQQMFDAK
acgb5,ASDTALYYCAR,ASDTAMYYCAR
acgb5,TSASIGSLCGDAR,TSASIGSLCADAR
acgb5,VAPEEHPPLLTEAPLNPK,VAPEEHPVLLTEAPLNPK
acgb5,PAPEEHPVLLTEAPLNPK,VAPEEHPVLLTEAPLNPK
acgb5,DIGAIAQPHAENGDIIAEEQQR,DIGAIAQVHAENGDIIAEEQQR
acgb5,TTTTGWTLDQCIQTGVDNPGHPFIK,TTPTGWTLDQCIQTGVDNPGHPFIK
acgb5,ENAEQGEVDVESHR,ENAEQGEVDMESHR
acgb5,AMGIMNSPVNDIFER,AMGIMNSFVNDIFER
acgb5,VMQVVDEK,IMQVVDEK
acgb5,STESLQTNVQR,STESLQANVQR
acgb5,ALPNSEDLVK,ALPSSEDLVK
acgb5,VAPEEHPVLLTEAQLNPK,VAPEEHPVLLTEAPLNPK
acgb5,YVSLIYTNYEAGKDDYVK,YISLIYTNYEAGKDDYVK
acgb5,LLEGEEDR,LLEGEEER
acgb5,EPFSLFDK,EAFSLFDK
acgb5,GCEENLDEAR,GSEENLDEAR
acgb5,DTEEEDFHVDQATTVK,DTEEEDFHVDQVTTVK
acgb5,AVEEELDTEDRPAWNSK,AVEEELDAEDRPAWNSK
acgb5,EEIPEEELDEDVEEIDHAER,EEIPEEELAEDVEEIDHAER
acgb5,EYQLNDSAAYYLNDVER,EYQLNDSAAYYLNDLER
acgb5,ELDQWLEQLNECK,ELDQWVEQLNECK
acgb5,VLMEDDDLYSCVVENPISQGR,VLMEDDDLYSCMVENPISQGR
acgb5,LTQAQIFDYSEIPNFPR,LTQAQIFDYGEIPNFPR
acgb5,VLGTAGTEEGQK,ILGTAGTEEGQK
acgb5,ATSWFDTGLSEMR,APSWFDTGLSEMR
acgb5,AMGRMNSFVNDIFER,AMGIMNSFVNDIFER
acgb5,NHLDQNPQLQWNATEPSR,NHLDQNPQLQWNTTEPSR
acgb5,LLTQDEGPALVPSGR,LLTQDEGPALVPGGR
acgb5,ELINNELSHFLEEVK,ELINNELSHFLEEIK
acgb5,VGAHAGEYGAEASER,VGAHAGEYGAEALER
acgb5,MDENQFVSVTSTNAAK,MDENQFVAVTSTNAAK
acgb5,EPLQDVEDENQ,EALQDVEDENQ
acgb5,VGANAGEYGAEALER,VGAHAGEYGAEALER
acgb5,QLQSLDCDLESLR,QLQSLTCDLESLR
acgb5,ETPAATEAPSSDPK,ETPAATEAPSSTPK
acgb5,DDDIAALVVDNGSGFCK,DDDIAALVVDNGSGMCK
acgb5,DDDIAALVVMNGSGMCK,DDDIAALVVDNGSGMCK
acgb5,DDDIAALVVDNGSGDCK,DDDIAALVVDNGSGMCK
acgb5,SSSYDEASLAPEETTMSFWEVGNYK,SSSYDEASLAPEETTDSFWEVGNYK
Aorta,SALSGLLHR,AALSGLLHR
Aorta,PATVSLPR,VATVSLPR
Aorta,PFLENVIR,VFLENVIR
Aorta,LPGGTTPGK,LVGGTTPGK
Aorta,LEQEITTYR,LEQEIATYR
Aorta,LVTADTIK,LVYADTIK
Aorta,SIDDLEEK,TIDDLEEK
Aorta,GMETWTLK,GMEPWTLK
Aorta,SADTLDGIQK,SADTLWGIQK
Aorta,HDPSLQTWSASYDPGSAK,HDPSLQPWSASYDPGSAK
Aorta,PALIGSPVDLTYR,VALIGSPVDLTYR
Aorta,PGVPTETGALTLNR,VGVPTETGALTLNR
Aorta,NQAPGQTGASQWGSR,NQAPGQPGASQWGSR
Aorta,TVIIEQSDGSPK,TVIIEQSWGSPK
Aorta,WTYAGTAEAIK,WPYAGTAEAIK
Aorta,AFTAWADTSILSR,AFPAWADTSILSR
Aorta,AENPTNPGTGGSGYWR,AENPTNPGPGGSGYWR
Aorta,DVTAMDVVYALK,TVTAMDVVYALK
Aorta,AADEVDSGRR,AAWEVDSGRR
Aorta,SVFPSIVGRPR,AVFPSIVGRPR
Aorta,RQLEEAEEESQR,RQLEEAEEEAQR
Aorta,FSTVAGESGSADTVRDPR,FSTVTGESGSADTVRDPR
Aorta,DTLTAAITK,TTLTAAITK
Aorta,RVYADILNAGTNTDGSK,RVYATILNAGTNTDGSK
Aorta,ASEDFVDTWTVR,ASEDFVDPWTVR
Aorta,GTTWEGGLFK,GTPWEGGLFK
Aorta,LALFNPDVSDDR,LALFNPDVSWDR
Aorta,DFNDSQLQEGK,DFTDSQLQEGK
Aorta,ALFQDVQKTSQDEWGK,ALFQDVQKPSQDEWGK
Aorta,GLNNQFASFIDK,SLNNQFASFIDK
Aorta,DLNNQFASFIDK,TLNNQFASFIDK
Aorta,TVNNQFASFIDK,TLNNQFASFIDK
Aorta,NLTVGEAGR,NLPVGEAGR
Aorta,DLHTLILPNNK,DLHTLILVNNK
Aorta,ILQAGAK,ILQGGAK
Aorta,DIAPALVSK,TIAPALVSK
Aorta,PNADEVGGEALGR,VNADEVGGEALGR
Aorta,DTLLQEQGTK,WTLLQEQGTK
Aorta,SSYVGDEAQSK,DSYVGDEAQSK
Aorta,EQFLDGDAWNNR,EQFLDGDAWTNR
Aorta,VSGTWEEANPEALAR,VSGPWEEANPEALAR
Aorta,FAPPQPAETWSFVK,FAPPQPAEPWSFVK
Aorta,DVGIDDLTGEPLIQR,TVGIDDLTGEPLIQR
Aorta,TMDEMGQEIPSDATWK,TMDEMGQEIPSDAPWK
Aorta,AANEAGYFNEEMAPIEPK,AANEAGYFNEEMAPIEVK
Aorta,QQQEILAAKTWTK,QQQEILAAKPWTK
Aorta,KLTEIINTQNENVK,KLTEIINTQHENVK
Aorta,KLDEIINTQHENVK,KLTEIINTQHENVK
Aorta,PAPEEHPVLLTEAPLNPK,VAPEEHPVLLTEAPLNPK
Aorta,APQPSTPTLVEAAR,APQVSTPTLVEAAR
Aorta,AQQVSTPTLVEAAR,APQVSTPTLVEAAR
Aorta,EADQAVLDKPETLSSDASTR,EATQAVLDKPETLSSDASTR
Aorta,ESAGLIPSTELQEWR,ESAGLIPSPELQEWR
Aorta,IEDGNDFGVAVQEK,IEDGNDFGVAIQEK
Aorta,FAPPQPAEPDSFVK,FAPPQPAEPWSFVK
Aorta,SLFSSAENEPPVPLVGNSRPPQPVK,SLFSSAENEPPVPLVGNWRPPQPVK
Aorta,DGAIVDVPVGEELLGR,TGAIVDVPVGEELLGR
Aorta,GPVPLAGTNGETTTQGLDGLSER,GVVPLAGTNGETTTQGLDGLSER
Aorta,DLYANDVLSGGTTMYPGIADR,DLYANTVLSGGTTMYPGIADR
Aorta,VDIDVPDVNIEGPDSK,VDIDVPDVNIEGPDTK
Aorta,DADNVGDEGGFAPNILENK,DATNVGDEGGFAPNILENK
Aorta,VDHTVGWTLDR,VDHTVGWPLDR
Aorta,PDVSPTSQR,VDVSPTSQR
Aorta,AGLTEEK,ASLTEEK
Aorta,QGSGSGQSPNR,QGSGSGQSPSR
Aorta,AAVSGLDGK,AAVSGLWGK
Aorta,KFDLNSTWEAFPAYR,KFDLNSPWEAFPAYR
Aorta,SNTIGISLIK,ANTIGISLIK
Aorta,EMGIVTSWGGTSR,EMGIVPSWGGTSR
Aorta,NLQEAEEAYK,NLQEAEEWYK
Aorta,ALDPALDTIQK,ALDPALWTIQK
Aorta,TTQQIVLQGPGTWGFR,TTQQIVLQGPGPWGFR
Aorta,DDGLFSGDTNWFPK,DDGLFSGDPNWFPK
Aorta,DLEQQNQVLQTK,FLEQQNQVLQTK
Aorta,DAEMPATEKDLAEDATWK,DAEMPATEKDLAEDAPWK
Aorta,VIATTESLSTLNK,VIATTESLSTLWK
Aorta,GTNTGVDVGVSGSEASEALSR,GTNTGVWVGVSGSEASEALSR
Aorta,VVAGVANALAHK,VVAGVAAALAHK
Aorta,DDNQSPIELHTK,GDNQSPIELHTK
Aorta,GEALPTWPR,GEALPPWPR
Aorta,FDESFFGVHPK,FDASFFGVHPK
Aorta,VLAVGGIK,VLPVGGIK
Aorta,VEIEALK,TEIEALK
Aorta,GDVLAADSGIRPLVTDPK,GDVLAAWSGIRPLVTDPK
Aorta,LINSLYPEGQAPPKK,LINSLYPEGQAPVKK
Aorta,MDINAPDMDVQGTDWHLK,MDINAPDMDVQGPDWHLK
Aorta,EATQALLDKPETLSSDASTR,EATQAVLDKPETLSSDASTR
Aorta,NVVIGDENYGEGSSR,WVVIGDENYGEGSSR
Aorta,DVVIGDENYGEGSSR,WVVIGDENYGEGSSR
Aorta,AAATQPDGKDTPDETWAFPAR,AAATQPDGKDTPDEPWAFPAR
Aorta,WNVIGDENYGEGSSR,WVVIGDENYGEGSSR
Aorta,WTVIGDENYGEGSSR,WVVIGDENYGEGSSR
Aorta,DFDPAAQAAFQK,DFTPAAQAAFQK
Aorta,QDMQVDEHARPQTTLEQLQK,QTMQVDEHARPQTTLEQLQK
Aorta,ASNTSEVYFDGPK,ASNTSEVYFDGVK
Aorta,ATYSTNSTVWEEAFR,ATYSTNSPVWEEAFR
Aorta,NLETEWAAAATEVK,NLEPEWAAAATEVK
Aorta,AVDDSYNVQPDTVATIWNLR,AVDDSYNVQPDTVAPIWNLR
Aorta,TDDITVWDQEFLK,TDDIPVWDQEFLK
Aorta,DGDVTAGNASGVSDGAGAVIIASEDAVKK,DGTVTAGNASGVSDGAGAVIIASEDAVKK
Aorta,VVLAYETVWAIGTGK,VVLAYEPVWAIGTGK
Aorta,APFPSIVGR,AVFPSIVGR
Aorta,IQAGIFK,IAAGIFK
Aorta,NQTALSSK,NQTQLSSK
Aorta,AQIGGPEAAK,AQIGGPEAGK
Aorta,NLIDQEVK,ALIDQEVK
Aorta,VPVYETTAGWR,VPVYETPAGWR
Aorta,NNPETWNK,NNPEPWNK
Aorta,NGNPNGGGLPHWTEYDQK,NGNPNGGGLPHWPEYDQK
Aorta,TKTWNYTYNPQTK,TKPWNYTYNPQTK
Aorta,PAGHPDVVINNAAGNFISPSER,VAGHPDVVINNAAGNFISPSER
Aorta,MFASFPTDK,MFASFPTTK
Aorta,EVTQAVLDKPETLSSDASTR,EATQAVLDKPETLSSDASTR
Aorta,TDESQTWVLPVVR,TDESQPWVLPVVR
Aorta,PDFPQDQLATLTGR,VDFPQDQLATLTGR
Aorta,EHTWEVMPDLYFYRDPEEIEKEEQAAAEK,EHPWEVMPDLYFYRDPEEIEKEEQAAAEK
Aorta,GAIVPAQEVPPPTVTMDYSWAR,GAIVPAQEVPPPTVPMDYSWAR
Aorta,TNLAMMNPSLTGWK,TNLAMMNPSLPGWK
Aorta,RIPLAEDESR,RIPLAEWESR
Aorta,IGGHGAEDGAEALER,IGGHGAEYGAEALER
Aorta,SASTSNIK,SASPSNIK
Aorta,ENPTTFMGNYLHEVAR,ENPTTFMGHYLHEVAR
Aorta,GTVLQEVK,GTVLQEAK
Aorta,LLVVYPDTQR,LLVVYPWTQR
Aorta,VEGDLKGPDLDIK,VEGDLKGPDVDIK
Aorta,LLVVYQWTQR,LLVVYPWTQR
Aorta,LLVVYTWTQR,LLVVYPWTQR
Aorta,LVNTVPSATAEPQDSDKR,LVNTVPSATAEPGDSDKR
Aorta,FSGSGSGTSYSLTVSR,FSGSGSGTSYSLTISR
Aorta,LPSSENFDDYMK,LVSSENFDDYMK
Aorta,IDFEDVIAEPEGTHSFDGIDK,IDFEDVIAEPEGTHSFDGIWK
Aorta,ELDSITPDITTGWK,ELDSITPDITPGWK
Aorta,DEVLSTSWDSLFSGSQGQLQPGAR,DEVLSPSWDSLFSGSQGQLQPGAR
Aorta,PVPGYGHAVLR,VVPGYGHAVLR
Aorta,SGFAGDDAPR,AGFAGDDAPR
Aorta,MALVGLGVSHSPLK,MALVGLGVSHSVLK
Aorta,VSLDVNHFAPDELTVK,VSLDVNHFAPEELTVK
Aorta,NELLQQVDTSTR,WELLQQVDTSTR
Aorta,VVSPDNSEDAK,VVSPWNSEDAK
Aorta,LPQEVTDFAK,LVQEVTDFAK
Aorta,GETGPAGPSGAPGPAGLR,GETGPAGPSGAPGPAGSR
Aorta,ASDTSITDNNLK,ASDTSITWNNLK
Aorta,DLLLDTAWEK,DLLLDPAWEK
Aorta,GSAQNIIPASTGAAK,GAAQNIIPASTGAAK
Aorta,GDGTWYQFPTPEK,GDGPWYQFPTPEK
Aorta,DNVLGHLQQGGAPTPFDR,TNVLGHLQQGGAPTPFDR
Aorta,LSQTLPNADFAEITK,LSQTFPNADFAEITK
Aorta,TLMALGSLAVDK,TLMALGSLAVTK
Aorta,LKAEFQEEAK,LKAEYQEEAK
Aorta,SADEVAEGK,AADEVAEGK
Aorta,LEDTLDAGLTDQHVK,LEDTLWAGLTDQHVK
Aorta,VNADELGGEALGR,VNADEVGGEALGR
Aorta,QDALAELVK,QTALAELVK
Aorta,QLEEAEEESQR,QLEEAEEEAQR
Aorta,GDGTWYQFPTPEKEFIDHSPK,GDGPWYQFPTPEKEFIDHSPK
Aorta,DFTPAAQTAFQK,DFTPAAQAAFQK
Aorta,EVQLQQSGPDLVKPGASVK,EVQLQQSGPELVKPGASVK
Aorta,EVQLQQSGPELVKPSASVK,EVQLQQSGPELVKPGASVK
Aorta,GGGFGGGSGFGGGSGFSGGGFGGGGFGGGR,GGGFGGGSSFGGGSGFSGGGFGGGGFGGGR
Aorta,RWTVVGVR,RWPVVGVR
Aorta,TIWDGQK,TIWDGSK
Aorta,LLVVYPWNQR,LLVVYPWTQR
Aorta,SEDYAFPDYADR,SEDYAFPTYADR
Aorta,INQLYEQSK,INQLYEQAK
Aorta,DFTPAAQAAFGK,DFTPAAQAAFQK
Aorta,ALEESNYEAEGK,ALEESNYELEGK
Aorta,DFTQAAQAAFQK,DFTPAAQAAFQK
Aorta,AATITATSTGALWGLDR,AATITATSPGALWGLDR
Aorta,YISPDQLADLYK,YITPDQLADLYK
Aorta,LSQTFPNADFAEIDK,LSQTFPNADFAEITK
Brain,YDMGDAPDFDR,YTMGDAPDFDR
Brain,TVNDLEDSYGQQDTYEQR,TVNDLEDSYGQQWTYEQR
Brain,DNLTLWNSDQQDEEAGEGN,DNLTLWTSDQQDEEAGEGN
Brain,DNLTLWNSDQQDDDGGEGNN,DNLTLWTSDQQDDDGGEGNN
Brain,DNLTLWNSENQGDEGDAGEGEN,DNLTLWTSENQGDEGDAGEGEN
Brain,LEQEITTYR,LEQEIATYR
Brain,SIDDLEEK,TIDDLEEK
Brain,VAEEELDTEDRTAWNSK,VAEEELDTEDRPAWNSK
Brain,GLEGTWERPPPLDEPQRDGNSEDQVEGR,GLEGPWERPPPLDEPQRDGNSEDQVEGR
Brain,PDNSSLTGESEPQTR,VDNSSLTGESEPQTR
Brain,TYYVDHNNR,TYYVDHNTR
Brain,NVIPHDIGDPDDETWLR,NVIPHDIGDPDDEPWLR
Brain,AEPEDHYFLNTEPPLNTPENR,AEPEDHYFLMTEPPLNTPENR
Brain,TVNDLEDSYGQQWNYEQR,TVNDLEDSYGQQWTYEQR
Brain,TTTNEELEDMLEGGK,TTTNEELEDMLESGK
Brain,AAPPDLQDEPLSLGSTGSQWFGGR,AAPPDLQDEPLSLGSPGSQWFGGR
Brain,EQFLDGDAWNNR,EQFLDGDAWTNR
Brain,LLEIEER,ELEIEER
Brain,GAVDDALGK,GDVDDALGK
Brain,TVEIDGEK,TVEIEGEK
Brain,QVFEEAEK,QVIEEAEK
Brain,PNADEVGGEALGR,VNADEVGGEALGR
Brain,WNNDNTLGTEITVEDQLAR,WNTDNTLGTEITVEDQLAR
Brain,ASEDFVDTWTVR,ASEDFVDPWTVR
Brain,DFNDSQLQEGK,DFTDSQLQEGK
Brain,ELDTFNPNTTEWR,ELDTFNPNTPEWR
Brain,EEAGLPAAGEDENSWTER,EEAGLPAAGEDETSWTER
Brain,DAVDYTEHAK,DAVTYTEHAK
Brain,DVEDEETDIR,DVEDEETWIR
Brain,QVELALWDNAGQEDYDR,QVELALWDTAGQEDYDR
Brain,GLEGTWERPPPLDEPQR,GLEGPWERPPPLDEPQR
Brain,AAESSAMAAAEK,AAESSAMAATEK
Brain,DAVLNAAAEDVDLR,DAVLNAWAEDVDLR
Brain,ADGNNQDGVVASQPAR,AWGNNQDGVVASQPAR
Brain,SWGNNQDGVVASQPAR,AWGNNQDGVVASQPAR
Brain,EVSEQMLNVQNK,EVDEQMLNVQNK
Brain,NYELPDGQVITIGNER,SYELPDGQVITIGNER
Brain,QVELALDDTAGQEDYDR,QVELALWDTAGQEDYDR
Brain,GDGGVDTAAVGGVFDVSNADR,GTGGVDTAAVGGVFDVSNADR
Brain,PREEYPDR,IREEYPDR
Brain,YLADASTMDHAR,YLATASTMDHAR
Brain,DDGILDSIGR,DTGILDSIGR
Brain,YLATASDMDHAR,YLATASTMDHAR
Brain,IAGDYVSEETWYR,IAGDYVSEEVWYR
Brain,GDGGVDTAATGSVFDISNLDR,GTGGVDTAATGSVFDISNLDR
Brain,DTAGDTHLGGEDFDNR,ATAGDTHLGGEDFDNR
Brain,MLDAEDIVVTARPDEK,MLDAEDIVNTARPDEK
Brain,DHYTEGAELVDSVLDVVR,GHYTEGAELVDSVLDVVR
Brain,TDGFQLHTNVNDGTEFGGSIYQK,TDEFQLHTNVNDGTEFGGSIYQK
Brain,FWETISDEHGIDPSGNYVGDSDLQLER,FWEVISDEHGIDPSGNYVGDSDLQLER
Brain,DGPNALTPPPTTTEWVK,DGPNALTPPPTTPEWVK
Brain,DGPNALTPPPTDPEWVK,DGPNALTPPPTTPEWVK
Brain,LALDLEIATYR,LALDVEIATYR
Brain,QGVDDAFYTLVR,QGVEDAFYTLVR
Brain,MYGVLTWNAFPGK,MYGVLPWNAFPGK
Brain,VLLVLDEPHTDWAK,VLLVVDEPHTDWAK
Brain,LLVVYPDTQR,LLVVYPWTQR
Brain,LLVVYTWTQR,LLVVYPWTQR
Brain,VDKGVVPLAGTDGETTTQGLDGLSER,VDKGVVPLAGTDGETTTQGLDGLLER
Brain,TTNDLEDSYGQEDTYEQR,TTNDLEDSYGQEWTYEQR
Brain,GVVPLAGTDGETTTQGLDGLSER,GVVPLAGTDGETTTQGLDGLLER
Brain,EDMAALEKDYEEVGVDSVEGEGEEEGEEE,EDMAALEKDYEEVGVDSVEGEGEEEGEEY
Brain,PLVLDDTNHER,VLVLDDTNHER
Brain,IGGHDAEYGAEALER,IGGHGAEYGAEALER
Brain,AAFAGDDAPR,AGFAGDDAPR
Brain,VNADEVSGEALGR,VNADEVGGEALGR
Brain,DVEDEILDVGER,DVEDEILWVGER
Brain,DLHWTEEEFGK,DLHWPEEEFGK
Brain,SGFAGDDAPR,AGFAGDDAPR
Brain,AAGAEEYAQQEPVKR,AAGAEEYAQQEVVKR
Brain,DDGSAEVIEGYR,DDGSWEVIEGYR
Brain,DADDAVYELDSK,DADDAVYELDGK
Brain,DPTNNVHYENYR,DVTNNVHYENYR
Brain,VNVDEVGGEALGR,VNADEVGGEALGR
Brain,NQEEYVLSYEPVNQQEVNYTR,GQEEYVLSYEPVNQQEVNYTR
Heart,RDEVAALR,RWEVAALR
Heart,GAIEHIK,AAIEHIK
Heart,GTHTDEK,GTHTWEK
Heart,GDHGGAGANTNR,GDHGGAGANTWR
Heart,GDHGGAGANTDR,GDHGGAGANTWR
Heart,SGFAGDDAPR,AGFAGDDAPR
Heart,FFQEEVIPHHNEWEK,FFQEEVIPHHTEWEK
Heart,ITDSNPPAQGAR,ITWSNPPAQGAR
Heart,DEELEEAK,TEELEEAK
Heart,EEGPSAFNK,EEGPSAFWK
Heart,INWSNPPAQGAR,ITWSNPPAQGAR
Heart,GAGSIAGASASPK,GAGAIAGASASPK
Heart,ANWTFGDQVLEEGDRVK,ATWTFGDQVLEEGDRVK
Heart,SLNPELGTDADKEQNK,SLNPELGTDADKEQWK
Heart,TTGIVLDSGDGVTHNVPIYEGYALQHAIMR,TTGIVLDSGDGVTHNVPIYEGYALPHAIMR
Heart,VAPAPAAAPAAAPAAAPEPERPK,AAPAPAAAPAAAPAAAPEPERPK
Heart,IDEGDLSQLTASIR,ITEGDLSQLTASIR
Heart,GGAEVQIFAPDVPQMHVIDDTK,GGAEVQIFAPDVPQMHVIDHTK
Heart,GGAEVQIFAPDVPQMNVIDHTK,GGAEVQIFAPDVPQMHVIDHTK
Heart,DLEEATLQDEATAAALR,DLEEATLQHEATAAALR
Heart,ELDSITPDITPGNK,ELDSITPDITPGWK
Heart,DLEEATLQNEATAAALR,DLEEATLQHEATAAALR
Heart,ELDSITPDITPGDK,ELDSITPDITPGWK
Heart,DLEEATLQHEADAAALR,DLEEATLQHEATAAALR
Heart,LTQTSIMDLENDKLQLEEK,LTQESIMDLENDKLQLEEK
Heart,TSVSLADSVPEDEGGSK,TSVSLAWSVPEDEGGSK
Heart,DTGIVLDSGDGVTHNVPIYEGYALPHAIMR,TTGIVLDSGDGVTHNVPIYEGYALPHAIMR
Heart,DVTNAVVTVPAYFNDSQR,TVTNAVVTVPAYFNDSQR
Heart,NASEPEHDHR,WASEPEHDHR
Heart,DASEPEHDHR,WASEPEHDHR
Heart,GHPETLDKFDK,THPETLDKFDK
Heart,GADSNVLR,GAWSNVLR
Heart,NNPETWNK,NNPEPWNK
Heart,TDPETLDKFDK,THPETLDKFDK
Heart,SQQALVQK,AQQALVQK
Heart,ITNSNPPAQGAR,ITWSNPPAQGAR
Heart,ELDIIDEK,ELWIIDEK
Heart,VSLDVNHFAPDELTVK,VSLDVNHFAPEELTVK
Heart,NAASGQDLQAK,NWASGQDLQAK
Heart,SADTLDDIQK,SADTLWDIQK
Heart,VDLSTSTDDK,VDLSTSTDWK
Heart,SADTLADIQK,SADTLWDIQK
Heart,NNASGQDLQAK,NWASGQDLQAK
Heart,NDASGQDLQAK,NWASGQDLQAK
Heart,SLNPELGTDADKEQAK,SLNPELGTDADKEQWK
Heart,VVSPDNSEDAK,VVSPWNSEDAK
Heart,NTDTSVVVSNEESR,NTDTSVVVSWEESR
Heart,VVSTWNSEDAK,VVSPWNSEDAK
Heart,DGEAGAEYVVESTGVFTTMEK,WGEAGAEYVVESTGVFTTMEK
Heart,LNDLEEALQQSK,LQDLEEALQQSK
Heart,FLEQQNQALETK,FLEQQNQVLETK
Heart,APSSSSVGISEDLDQK,APSSSSVGISEWLDQK
Heart,APSSSSVGISENLDQK,APSSSSVGISEWLDQK
Heart,APSSSSVGISEALDQK,APSSSSVGISEWLDQK
Heart,DSVSITDEPPLLDGGSK,DSVSITWEPPLLDGGSK
Heart,DDVTTGLTGAVNVAK,DTVTTGLTGAVNVAK
Heart,TTGIVLDSGDGVTHNVPIYEGYALPDAIMR,TTGIVLDSGDGVTHNVPIYEGYALPHAIMR
Heart,TTGIVLDSGDGVTDNVPIYEGYALPHAIMR,TTGIVLDSGDGVTHNVPIYEGYALPHAIMR
Heart,LTQESIMDLTNDKLQLEEK,LTQESIMDLENDKLQLEEK
Heart,GDLEDQIIQANPALEAFGNAK,GTLEDQIIQANPALEAFGNAK
Heart,DLGATNVVLGHSER,DLGATWVVLGHSER
Heart,DLGATDVVLGHSER,DLGATWVVLGHSER
Heart,SFLVNVNEEDHLR,SFLVWVNEEDHLR
Heart,SFLVDVNEEDHLR,SFLVWVNEEDHLR
Heart,SGLQFPVGR,AGLQFPVGR
Heart,ENGSGSDTLR,EWGSGSDTLR
Heart,VTTGVAAEDK,VTTGVAAEWK
Heart,DLTIDAIQFQR,TLTIDAIQFQR
Heart,VVSPANSEDAK,VVSPWNSEDAK
Heart,DELLQQVDTSTR,WELLQQVDTSTR
Heart,DSDVGDEAQSK,DSYVGDEAQSK
Heart,VVSPNNSEDAK,VVSPWNSEDAK
Heart,DGTAEMSSILEER,TGTAEMSSILEER
Heart,IGGDGAEYGAEALER,IGGHGAEYGAEALER
Heart,SQDTAELFFEDVR,AQDTAELFFEDVR
Heart,ASDTSITDNNLK,ASDTSITWNNLK
Heart,PAEIDSLDEISK,PAEIDSLWEISK
Heart,LLQEAHQQALDDLQAEEDKVNTLTK,ALQEAHQQALDDLQAEEDKVNTLTK
Heart,ASDTSINWNNLK,ASDTSITWNNLK
Heart,STIGIAMGSGTAVAK,SEIGIAMGSGTAVAK
Heart,DLKDDVLYETETPPDLEK,WLKDDVLYETETPPDLEK
Heart,GDGTWYQFPTPEK,GDGPWYQFPTPEK
Heart,GDGGVDTAAVADVYDISNIDR,GTGGVDTAAVADVYDISNIDR
Heart,GGGFGGGSGFGGGSGFSGGGFGGGGFGGGR,GGGFGGGSSFGGGSGFSGGGFGGGGFGGGR
Heart,DLAIPDHSR,WLAIPDHSR
Heart,GIDHNDNK,GIWHNDNK
Heart,TRLEQEITTYR,TRLEQEIATYR
Heart,TFLININEEDHTR,TFLIWINEEDHTR
Heart,TFLIDINEEDHTR,TFLIWINEEDHTR
Heart,SVQHSNVVINLIGR,AVQHSNVVINLIGR
Heart,TAESAEAK,TAESPEAK
Heart,SGDEFVEK,AGDEFVEK
Heart,NEYEESLEHLETFKR,NAYEESLEHLETFKR
Heart,SIDDLEEK,TIDDLEEK
Heart,DQLEENISQLR,TQLEENISQLR
Heart,EVGVYEALKDDSDLK,EVGVYEALKDDSWLK
Heart,SDTTFLFLVGQDDHNDK,SDTTFLFLVGQDDHNWK
Heart,FNQWDTAGQEK,FNVWDTAGQEK
Heart,IDEIYEGTSEIQR,ITEIYEGTSEIQR
Heart,LYTWGVVEVENPEHNDFLK,LYPWGVVEVENPEHNDFLK
Heart,DGDVTAGNASGVSDGAGAVIIASEDAVK,DGTVTAGNASGVSDGAGAVIIASEDAVK
Heart,NIDDLEDELYAQK,SIDDLEDELYAQK
Heart,QAEEAEEQALTNLSK,QAEEAEEQANTNLSK
Heart,LDVPISGDPAPTVVDQK,LDVPISGDPAPTVVWQK
Heart,LDVPISGDPAPTVVAQK,LDVPISGDPAPTVVWQK
Heart,DQPYDVYDQVEFDVPIGSR,TQPYDVYDQVEFDVPIGSR
Heart,GINHNYDK,GIWHNYDK
Heart,GIDHNYDK,GIWHNYDK
Heart,SALSGLLHR,AALSGLLHR
Heart,DAHRTGWLPVSESVTRPTFK,DAHRPGWLPVSESVTRPTFK
Heart,TSVVVQDDRPK,TSVVVQWDRPK
Heart,SVFPSIVGR,AVFPSIVGR
Heart,FSTVAGESGSADTVRDPR,FSTVTGESGSADTVRDPR
Heart,SDVAQLVK,STVAQLVK
Heart,DDTASAVAVGLR,DTTASAVAVGLR
Heart,HEDSVAELGEQIDNLQR,HADSVAELGEQIDNLQR
Heart,AAQEEYVK,AAQEEYIK
Heart,LTEDEVTK,LTEDEVEK
Heart,SADTLDGIQK,SADTLWGIQK
Heart,NPYAGTAEAIK,WPYAGTAEAIK
Heart,TITALAPSTMK,EITALAPSTMK
Heart,WTYAGTAEAIK,WPYAGTAEAIK
Heart,SAYFGVYDTAK,AAYFGVYDTAK
Heart,TVIIEQSNGSPK,TVIIEQSWGSPK
Heart,TVIIEQSDGSPK,TVIIEQSWGSPK
Heart,SAVEQLTEEQK,AAVEQLTEEQK
Heart,DTEYGLTFTEK,WTEYGLTFTEK
Heart,EIEDYHNLLEGGQEDFESSGAGK,EIETYHNLLEGGQEDFESSGAGK
Heart,DVVGQITVDMMYGGMR,TVVGQITVDMMYGGMR
Heart,QVEEAEEQANTNLSK,QAEEAEEQANTNLSK
Heart,DSIAIDTIINQK,TSIAIDTIINQK
Heart,NNTDNTLGTEITVEDQLAR,WNTDNTLGTEITVEDQLAR
Heart,DNTDNTLGTEITVEDQLAR,WNTDNTLGTEITVEDQLAR
Heart,VEADLAGDGQEVLIGLFK,VEADLAGHGQEVLIGLFK
Heart,TTHPDFVR,TTHPHFVR
Heart,TTDPHFVR,TTHPHFVR
Heart,DTHPHFVR,TTHPHFVR
Heart,IDHHTFYNELR,IWHHTFYNELR
Heart,SVFPSIVGRPR,AVFPSIVGRPR
Heart,SLAIDHLNEDQLR,ALAIDHLNEDQLR
Heart,KVQDELDEAEER,KVQHELDEAEER
Heart,DHPETLDK,THPETLDK
Heart,DTLTAAITK,TTLTAAITK
Heart,DIAMDGTEGLVR,TIAMDGTEGLVR
Heart,LALFNPDVSADR,LALFNPDVSWDR
Heart,VITAFNDGLNHLDNLK,VITAFNDGLNHLDSLK
Heart,DASLTSAASIDGSR,TASLTSAASIDGSR
Heart,SDIAESQVNK,ADIAESQVNK
Heart,LALFNPDVSDDR,LALFNPDVSWDR
Heart,EVEGLILTESK,EVEELILTESK
Heart,DVSLNNLSADEVTR,TVSLNNLSADEVTR
Heart,KDLYANNVLSGGTTMDPGIADR,KDLYANNVLSGGTTMYPGIADR
Heart,ALPFDNEEIAPK,ALPFWNEEIAPK
Heart,ALTFWNEEIAPK,ALPFWNEEIAPK
Heart,LDFDSSFSPNTGK,LTFDSSFSPNTGK
Heart,SDELPDGQVITIGNER,SYELPDGQVITIGNER
Heart,ASNGDADVEAHGK,ASNGDAWVEAHGK
Heart,GGTDFAGFGR,GGTWFAGFGR
Heart,EIDGVEPSR,EIWGVEPSR
Heart,THPEDLDKFDK,THPETLDKFDK
Heart,NQGVMVGMGQK,HQGVMVGMGQK
Heart,LTTDEVEK,LTEDEVEK
Heart,KYTYWPHQPIENL,KYPYWPHQPIENL
Heart,DALLVIQDNIR,DALLVIQWNIR
Heart,DIVSTAQISETR,TIVSTAQISETR
Heart,SQYEDIAQK,AQYEDIAQK
Heart,SYGANFSDNK,SYGANFSWNK
Heart,DTLLQEQGTK,WTLLQEQGTK
Heart,SDTLTDEINFLR,ADTLTDEINFLR
Heart,SAPAPAAAPAAAPAAAPEPERPK,AAPAPAAAPAAAPAAAPEPERPK
Heart,SDGSVVGQQPFGGAR,STGSVVGQQPFGGAR
Heart,EITALAPSDMK,EITALAPSTMK
Heart,VIISSPSADAPMFVMGVNHEK,VIISAPSADAPMFVMGVNHEK
Heart,LDEYGFQNALIVR,LGEYGFQNALIVR
Heart,ALPFNNEEIAPK,ALPFWNEEIAPK
Heart,GALQNIIPASTGAAK,GAAQNIIPASTGAAK
Heart,DSGDFGADAQGAMSK,HSGDFGADAQGAMSK
Heart,DGAIVDVPVGEELLGR,TGAIVDVPVGEELLGR
Heart,GDSFEAAATSGGSASSEK,GTSFEAAATSGGSASSEK
Heart,NSSYFVEDIPNNVK,NSSYFVEWIPNNVK
Heart,VDIDVPDVNIEGPDSK,VDIDVPDVNIEGPDTK
Heart,EIHLDFKPEELIDYK,EIHLWFKPEELIDYK
Heart,DDLTDYLNR,TDLTDYLNR
Heart,VQLLDSQNTSLINQK,VQLLHSQNTSLINQK
Heart,NLEDQANEYR,TLEDQANEYR
Heart,GGQENISVSK,AGQENISVSK
Heart,STDAEADVASLNR,ATDAEADVASLNR
Heart,GDNILTNSEK,GWNILTNSEK
Heart,SSVSLADNKPIYDGGAPVR,SSVSLAWNKPIYDGGAPVR
Heart,LASLSEKPPAIDDAYYR,LASLSEKPPAIDWAYYR
Heart,SVDEAADALLK,AVDEAADALLK
Heart,LASLSEKPTAIDWAYYR,LASLSEKPPAIDWAYYR
Heart,DFVALSTNTAK,HFVALSTNTAK
Heart,AGSNELPAEEGK,WGSNELPAEEGK
Heart,NGSNELPAEEGK,WGSNELPAEEGK
Heart,DGSNELPAEEGK,WGSNELPAEEGK
Heart,IDADIYGKPIPNTQWVK,IDADIYGKPIPTTQWVK
Heart,NNYDEEIISLK,NSYDEEIISLK
Heart,NSGDFGADAQGAMSK,HSGDFGADAQGAMSK
Heart,VQLLNSQNTSLINQK,VQLLHSQNTSLINQK
Heart,FAPPQPAETWSFVK,FAPPQPAEPWSFVK
Heart,GDGGVDTAAVGAVFDISNADR,GTGGVDTAAVGAVFDISNADR
Heart,VSDSISTQYPVVDHEFDAVVVGAGGAGLR,VSDAISTQYPVVDHEFDAVVVGAGGAGLR
Heart,QFAAQANAIGTWIQNK,QFAAQANAIGPWIQNK
Heart,DITLEVEPSDTIENVK,TITLEVEPSDTIENVK
Heart,TVEEVLGDFGVNESTGLSLEQVKK,TVEEVLGHFGVNESTGLSLEQVKK
Heart,DLYANDVLSGGTTMYPGIADR,DLYANTVLSGGTTMYPGIADR
Heart,TIDDVSFVEVMPQNQK,TIDWVSFVEVMPQNQK
Heart,SDNETFHAR,SWNETFHAR
Heart,ADDSSLSR,ADWSSLSR
Heart,HSGDFGVDAQGAMSK,HSGDFGADAQGAMSK
Heart,KPNQPYENISYK,KPNQPYEWISYK
Heart,KPNQPYEDISYK,KPNQPYEWISYK
Heart,NEYEESLEHLETFK,NAYEESLEHLETFK
Heart,NAEGTNSVEK,NAEGTWSVEK
Heart,NAEGTDSVEK,NAEGTWSVEK
Heart,KFDLNSTWEAFPAYR,KFDLNSPWEAFPAYR
Heart,PGVPTETGALTLNR,VGVPTETGALTLNR
Heart,KLETAVNLAWNAGNSNTR,KLETAVNLAWTAGNSNTR
Heart,LTGSLSGDTSPK,LTGSLSGWTSPK
Heart,SQLQEAPPEDK,SQLQEAPPEWK
Heart,AVVIGDENYGEGSSR,WVVIGDENYGEGSSR
Heart,DSYVGDELQSK,DSYVGDEAQSK
Heart,SGTQIENIEEDFR,AGTQIENIEEDFR
Heart,VAYFGVYDTAK,AAYFGVYDTAK
Heart,AAATQPDGKDTPDETWAFPAR,AAATQPDGKDTPDEPWAFPAR
Heart,NPVGEDQPNLTVK,NPVGEDQVNLTVK
Heart,WTVIGDENYGEGSSR,WVVIGDENYGEGSSR
Heart,VVDSLQLTGTKPVATPQDWK,VVDSLQLTGTKPVATPVDWK
Heart,VDYAGVTVMELGK,VDYAGVTVDELGK
Heart,LEEAGGATSVQITMNK,LEEAGGATSVQIEMNK
Heart,STVSLIDSAPVYDGGSK,STVSLIWSAPVYDGGSK
Heart,DDEFQLHTNVNDGTEFGGSIYQK,TDEFQLHTNVNDGTEFGGSIYQK
Heart,AAVSGLAGK,AAVSGLWGK
Heart,IQAGIFK,IAAGIFK
Heart,LLVVYPDTQR,LLVVYPWTQR
Heart,DPLYLSTK,WPLYLSTK
Heart,DAEAAFNEK,DAEAWFNEK
Heart,DAEANFNEK,DAEAWFNEK
Heart,DAEADFNEK,DAEAWFNEK
Heart,KLETAVNLADTAGNSNTR,KLETAVNLAWTAGNSNTR
Heart,LLVVYTWTQR,LLVVYPWTQR
Heart,LTGSLSGATSPK,LTGSLSGWTSPK
Heart,DYYNAAGFNK,WYYNAAGFNK
Heart,ATSWIDTGLSEMR,APSWIDTGLSEMR
Heart,TDESQTWVLPVVR,TDESQPWVLPVVR
Heart,DKYETDAIQR,TKYETDAIQR
Heart,EPVDVQEILQRPR,EPVTVQEILQRPR
Heart,ALQEADQQALDDLQAEEDKVNTLTK,ALQEAHQQALDDLQAEEDKVNTLTK
Heart,ALQEAHQQALDDLQAEEDKVNTLDK,ALQEAHQQALDDLQAEEDKVNTLTK
Heart,ALQEAHQQALDDLQAEEDKENTLTK,ALQEAHQQALDDLQAEEDKVNTLTK
Heart,RKEEEHMIDDVEK,RKEEEHMIDWVEK
Heart,NHPETLDKFDK,THPETLDKFDK
Heart,PATVSLPR,VATVSLPR
Heart,GRPEPDITDSK,GRPEPDITWSK
Heart,NVLATLGER,HVLATLGER
Heart,DVLATLGER,HVLATLGER
Heart,HELATLGER,HVLATLGER
Heart,SLTNDDEDHLAVK,SLTNDWEDHLAVK
Heart,DLLTIENANR,TLLTIENANR
Heart,NNPEPANK,NNPEPWNK
Heart,TSTDSGESK,TSTWSGESK
Heart,LDTGVEYQFR,LTTGVEYQFR
Heart,NNPEPNNK,NNPEPWNK
Heart,GDARPAEIDSLNEISK,GDARPAEIDSLWEISK
Heart,VPVYETTAGWR,VPVYETPAGWR
Heart,YDALVDQEEKEDVK,YTALVDQEEKEDVK
Heart,DALNIETALK,DALNIETAVK
Heart,SGSTFTIDVPISGR,AGSTFTIDVPISGR
Heart,SNYSVSLVGPATWGFR,SNYSVSLVGPAPWGFR
Heart,AALAPAAAPAAAPAAAPEPERPK,AAPAPAAAPAAAPAAAPEPERPK
Heart,EFDISQQLSK,EFDISQQNSK
Heart,PDFPQDQLATLTGR,VDFPQDQLATLTGR
Heart,GIEQAVQSDAVAEEEAR,GIEQAVQSHAVAEEEAR
Heart,TDGFQLHTNVNDGTEFGGSIYQK,TDEFQLHTNVNDGTEFGGSIYQK
Heart,AIAELGIDPAVDPLDSTSR,AIAELGIYPAVDPLDSTSR
Heart,NLDEEMAGLDEIIAK,NLTEEMAGLDEIIAK
Kidney,TRLEQEITTYR,TRLEQEIATYR
Kidney,PATVSLPR,VATVSLPR
Kidney,PFLENVIR,VFLENVIR
Kidney,GHLPGFVEQAGALK,THLPGFVEQAGALK
Kidney,LEQEITTYR,LEQEIATYR
Kidney,SDVAQLVK,STVAQLVK
Kidney,DSTEIQVK,WSTEIQVK
Kidney,WTHTIPYVLEDSLEMNAK,WPHTIPYVLEDSLEMNAK
Kidney,TVIIEQSDGSPK,TVIIEQSWGSPK
Kidney,DSSVTLQTITAQNAAVQAVK,TSSVTLQTITAQNAAVQAVK
Kidney,DQEFILNSPTVTSIK,TQEFILNSPTVTSIK
Kidney,DVTAMDVVYALK,TVTAMDVVYALK
Kidney,SALSGLLHR,AALSGLLHR
Kidney,STLNAFLHR,ATLNAFLHR
Kidney,AVGDNEVEGR,AVGWNEVEGR
Kidney,ASGGDAAASDSR,ASGGWAAASDSR
Kidney,AAFQLGSTWR,AAFQLGSPWR
Kidney,SIDDLEEK,TIDDLEEK
Kidney,SADTLDGIQK,SADTLWGIQK
Kidney,LIIQDNGPESNR,LIIQWNGPESNR
Kidney,ESEAVEDQQK,ESEAVEWQQK
Kidney,WTNWMTGGPETPR,WPNWMTGGPETPR
Kidney,VDQSNFAVGYK,VTQSNFAVGYK
Kidney,FADTNIESLVK,FAHTNIESLVK
Kidney,DLAILQIESEK,TLAILQIESEK
Kidney,GAPTTSLVSVAVDK,GAPTTSLVSVAVTK
Kidney,NATTDALTSVLDK,NATTDALTSVLTK
Kidney,FLPGAHVFPGGVLDAADSSTDWVR,FLPGAHVFPGGVLDAADSSPDWVR
Kidney,DSIAIDTIINQK,TSIAIDTIINQK
Kidney,DAAPASQEPSQALSTPAGLAEWR,DAAPASQEPSQALSPPAGLAEWR
Kidney,HYGTGWVSMANAGK,HYGPGWVSMANAGK
Kidney,AAFQLGSQWR,AAFQLGSPWR
Kidney,DTLTAAITK,TTLTAAITK
Kidney,EQFLDGDADTNR,EQFLDGDAWTNR
Kidney,SAYFGIYDTAK,AAYFGIYDTAK
Kidney,YSDDVSVDEVK,YSTDVSVDEVK
Kidney,DFNDSQLQEGK,DFTDSQLQEGK
Kidney,EIGDHKPLPGITVGDIGPK,EIGTHKPLPGITVGDIGPK
Kidney,VGPVTWLGPQTDEAIK,VGPVPWLGPQTDEAIK
Kidney,GAVEAAHQAATGWGAQSPR,GAVEAAHQAAPGWGAQSPR
Kidney,DTLLQEQGTK,WTLLQEQGTK
Kidney,GEEGTWSVEK,NEEGTWSVEK
Kidney,ILGASAK,ILGAVAK
Kidney,LKEEEVTFDTQSLAK,LKEEEVTFWTQSLAK
Kidney,VGNTWDPNILYGPLHTK,VGNPWDPNILYGPLHTK
Kidney,DGLVFMPGTIQMR,TGLVFMPGTIQMR
Kidney,IAASQNTVDSVVK,IAASQNTVWSVVK
Kidney,FAPPQPAETWSFVK,FAPPQPAEPWSFVK
Kidney,NGAIVDVPVGEELLGR,TGAIVDVPVGEELLGR
Kidney,AGWTIVTPPTPVIPDDHTLWMSSK,AGWTIVTPPTPVIPDDHPLWMSSK
Kidney,DLSSVQTLLDK,DLSSVQTLLTK
Kidney,DGAIVDVPVGEELLGR,TGAIVDVPVGEELLGR
Kidney,ADDSSLSR,ADWSSLSR
Kidney,GNKTWISLPR,GNKPWISLPR
Kidney,STAEQLK,ATAEQLK
Kidney,SSSQTAAK,SSSQPAAK
Kidney,SSSASGPPK,SSSASSPPK
Kidney,AAVSGLDGK,AAVSGLWGK
Kidney,FIDNSEK,FIWNSEK
Kidney,DLYDAGVK,ELYDAGVK
Kidney,GLFIIDGK,GLFIIDAK
Kidney,NAEGTDSVEK,NAEGTWSVEK
Kidney,KFDLNSTWEAFPAYR,KFDLNSPWEAFPAYR
Kidney,LTGSLSGDTSPK,LTGSLSGWTSPK
Kidney,VTDDDAPNTTAWK,VTDDDAPNTPAWK
Kidney,QDMQVDEHARPQTTLEQLQK,QTMQVDEHARPQTTLEQLQK
Kidney,NLETEWAAAATEVK,NLEPEWAAAATEVK
Kidney,NLEQEWAAAATEVK,NLEPEWAAAATEVK
Kidney,ATYSTNSTVWEEAFR,ATYSTNSPVWEEAFR
Kidney,IEDEQALAMQLQK,IEDEQALGMQLQK
Kidney,VVDSLQLTGTKPVATPVDDK,VVDSLQLTGTKPVATPVDWK
Kidney,NFNTVPYIVGGNK,NFNTVPYIVGINK
Kidney,DLYANDVLSGGTTMYPGIADR,DLYANTVLSGGTTMYPGIADR
Kidney,AVDDSYNVQPDTVATIWNLR,AVDDSYNVQPDTVAPIWNLR
Kidney,DITLEVEPSDTIENVK,TITLEVEPSDTIENVK
Kidney,SGEVSVLK,SGEVAVLK
Kidney,NQTALSSK,NQTQLSSK
Kidney,ENPTTFMGHYLNEVAR,ENPTTFMGHYLHEVAR
Kidney,VQLTDAEK,VHLTDAEK
Kidney,IVDEPVLK,IVEEPVLK
Kidney,IHPETGTWEEFLEK,IHPEPGTWEEFLEK
Kidney,DALLGLTK,TALLGLTK
Kidney,NNPEQWNK,NNPEPWNK
Kidney,NNPETWNK,NNPEPWNK
Kidney,DALNIETALK,DALNIETAVK
Kidney,VAQEEHPVLLTEAPLNPK,VAPEEHPVLLTEAPLNPK
Kidney,FAPPEAPETWSGVR,FAPPEAPEPWSGVR
Kidney,TDESQTWVLPVVR,TDESQPWVLPVVR
Kidney,DGPNALTPPPTTPEDVK,DGPNALTPPPTTPEWVK
Kidney,DGPNALTPPPTTTEWVK,DGPNALTPPPTTPEWVK
Kidney,DGPNALTPPQTTPEWVK,DGPNALTPPPTTPEWVK
Kidney,EIIVTDYDPQNLQELQK,EIIVTDYTPQNLQELQK
Kidney,VAPEENPVLLTEAPLNPK,VAPEEHPVLLTEAPLNPK
Kidney,IDAHLVHELR,ITAHLVHELR
Kidney,GNDGHLDQVAALR,GNWGHLDQVAALR
Kidney,TITWLEDR,TIPWLEDR
Kidney,TSTDSGESK,TSTWSGESK
Kidney,GGSEVQIFAPDVPQMHVIDHTK,GGAEVQIFAPDVPQMHVIDHTK
Kidney,LLVVYPDTQR,LLVVYPWTQR
Kidney,PNADEVGGEALGR,VNADEVGGEALGR
Kidney,EATDVVDVK,EATWVVDVK
Kidney,LLVVYTWTQR,LLVVYPWTQR
Kidney,KDVTAMDVVYALK,KTVTAMDVVYALK
Kidney,GAGSIAGASASPK,GAGAIAGASASPK
Kidney,GNDGYLDQAAALR,GNWGYLDQAAALR
Kidney,EATWQVDVK,EATWVVDVK
Kidney,SLNPELGTDADKEQDK,SLNPELGTDADKEQWK
Kidney,ELDSITPDITQGWK,ELDSITPDITPGWK
Kidney,ELDSITPDITTGWK,ELDSITPDITPGWK
Kidney,DASAQPVSSVGVLGLGTMGR,TASAQPVSSVGVLGLGTMGR
Kidney,DVTNAVVTVPAYFNDSQR,TVTNAVVTVPAYFNDSQR
Kidney,EHLELFDSR,EHLELFWSR
Kidney,GADSNVLR,GAWSNVLR
Kidney,DQIHDLVLVGGSTR,AQIHDLVLVGGSTR
Kidney,DLEEDNQR,DLEEWNQR
Kidney,SGLQFPVGR,AGLQFPVGR
Kidney,DGPNLHGLFGR,TGPNLHGLFGR
Kidney,GWTLYLSTK,GWPLYLSTK
Kidney,NDASGQDLQAK,NWASGQDLQAK
Kidney,VVSPDNSEDAK,VVSPWNSEDAK
Kidney,VVSTWNSEDAK,VVSPWNSEDAK
Kidney,AGVAQPGGDTIFGK,AQVAQPGGDTIFGK
Kidney,DDGLFSGDTNWFPK,DDGLFSGDPNWFPK
Kidney,DVAHIQTVQHK,TVAHIQTVQHK
Kidney,DLGANWVVLGHSER,DLGATWVVLGHSER
Kidney,LDQIGAK,LDPIGAK
Kidney,EGDTDQLSK,EGDPDQLSK
Kidney,VNADELGGEALGR,VNADEVGGEALGR
Kidney,VNVDEVGGEALGR,VNADEVGGEALGR
Kidney,QDALAELVK,QTALAELVK
Kidney,GDVNLDNEQK,GDVNGDNEQK
Kidney,DTTTQYTEAK,WTTTQYTEAK
Kidney,VDGVSAEPTPESDR,VDGVSAEPTPESWR
Kidney,DELLQQVDTSTR,WELLQQVDTSTR
Kidney,NELLQQVDTSTR,WELLQQVDTSTR
Kidney,LLVVNTWLTQVR,LLVVNPWLTQVR
Kidney,FDQAGSEVSALLGR,FTQAGSEVSALLGR
Kidney,VDGVSAEPTTESWR,VDGVSAEPTPESWR
Kidney,ASGPPVSELIDK,ASGPPVSELITK
Kidney,ASDTSITDNNLK,ASDTSITWNNLK
Kidney,GSAQNIIPASTGAAK,GAAQNIIPASTGAAK
Kidney,QISMLQQSISDAEQR,QISNLQQSISDAEQR
Kidney,LISDYDNEYGYSNR,LISWYDNEYGYSNR
Kidney,GYELAAGGTAVGTGLNTR,IYELAAGGTAVGTGLNTR
Kidney,GDGTWYQFPTPEK,GDGPWYQFPTPEK
Kidney,GGGFGGGSGFGGGSGFSGGGFGGGGFGGGR,GGGFGGGSSFGGGSGFSGGGFGGGGFGGGR
Kidney,TDLTTWSAAMDAGLESMQK,TDLPTWSAAMDAGLESMQK
Kidney,TITWLENR,TIPWLENR
Kidney,LKAEFQEEAK,LKAEYQEEAK
Kidney,LEDTQWAGLTDQHVK,LEDTLWAGLTDQHVK
Kidney,VMLGTTNPADSKPGTIR,VMLGETNPADSKPGTIR
Kidney,SEEDFLTWER,SEEDFLPWER
Kidney,VVVTMEDSAK,VVVTMEHSAK
Kidney,GDGTWYQFPTPEKEFIDHSPK,GDGPWYQFPTPEKEFIDHSPK
Kidney,DSPSVDAAVPGK,DSPSVWAAVPGK
Kidney,SEDYAFPDYADR,SEDYAFPTYADR
Kidney,INQLYEQSK,INQLYEQAK
Kidney,EDTIQGLDGLSER,ETTIQGLDGLSER
Kidney,FSSETDQNLGTLQR,FSSETWQNLGTLQR
Kidney,EVQLQQSGPDLVKPGASVK,EVQLQQSGPELVKPGASVK
Kidney,DDFAPQLQSLNK,TDFAPQLQSLNK
Kidney,TVELLSGVVDQDK,TVELLSGVVDQTK
Kidney,AATESFASDPILYRPVAVALDTK,EATESFASDPILYRPVAVALDTK
Kidney,STLSVITSGVQWIQDR,STLSVIPSGVQWIQDR
Kidney,SYQANSLVITAGTWTNR,SYQANSLVITAGPWTNR
Kidney,DNLTLWNSDTQGDEAEAGEGGEN,DNLTLWTSDTQGDEAEAGEGGEN
Kidney,DNLTLDTSDTQGDEAEAGEGGEN,DNLTLWTSDTQGDEAEAGEGGEN
Kidney,DDANNDTQWSEEQLIAAK,DDANNDPQWSEEQLIAAK
Liver,SGGAEEGAK,SGGAEEGQK
Liver,AVGEELEK,AAGEELEK
Liver,MEDETQKELETLR,MEDETQKELETMR
Liver,YDMGDAPDFDR,YTMGDAPDFDR
Liver,AGDTAELFFEDVR,AQDTAELFFEDVR
Liver,FLEEHPGGEELLR,FLEEHPGGEEVLR
Liver,AGPDTPEAAVEHPEAVR,AGPWTPEAAVEHPEAVR
Liver,AGTWTPEAAVEHPEAVR,AGPWTPEAAVEHPEAVR
Liver,AGPWDPEAAVEHPEAVR,AGPWTPEAAVEHPEAVR
Liver,SGPWTPEAAVEHPEAVR,AGPWTPEAAVEHPEAVR
Liver,SIDDLEEK,TIDDLEEK
Liver,NTLTQTTENLR,NTLAQTTENLR
Liver,YVMGDAPDFDR,YTMGDAPDFDR
Liver,IYDSIGEDYDER,IYTSIGEDYDER
Liver,GPVDSDDLPLNVSR,GVVDSDDLPLNVSR
Liver,TRLEQEITTYR,TRLEQEIATYR
Liver,DDEGISFR,ADEGISFR
Liver,FSTVAGESGSADTVRDPR,FSTVTGESGSADTVRDPR
Liver,AGPWTPEAAVEHPEALR,AGPWTPEAAVEHPEAVR
Liver,GVDEGPDGLK,GIDEGPDGLK
Liver,PNADEVGGEALGR,VNADEVGGEALGR
Liver,SNINSLDEQEGVK,SNISSLDEQEGVK
Liver,EQFLDGDADTNR,EQFLDGDAWTNR
Liver,GEEGTWSVEK,NEEGTWSVEK
Liver,FAPPEDPETWSGVR,FAPPEDPEPWSGVR
Liver,YFAGDMAEETAPAVLER,YFAGTMAEETAPAVLER
Liver,ISITEGIER,ISIAEGIER
Liver,SLNDEAK,SLSDEAK
Liver,GILAADESVGAMGNR,GILAADESVGTMGNR
Liver,PDATEESDLAQQYGVR,VDATEESDLAQQYGVR
Liver,IEDGNDFGVAVQEK,IEDGNDFGVAIQEK
Liver,DTAGDTHLGGEDFDNR,ATAGDTHLGGEDFDNR
Liver,DLAGLLDEK,DLAGALDEK
Liver,GDNQSPIELHDK,GDNQSPIELHTK
Liver,DIVHSGLAYDMER,DIVHSGLAYTMER
Liver,MPYDNAVIHEVQR,MPYTNAVIHEVQR
Liver,GTVLQEVK,GTVLQEAK
Liver,MLLEYDDSSYDEKR,MLLEYTDSSYDEKR
Liver,QGVDDAFYTLVR,QGVEDAFYTLVR
Liver,DWNDPSVQQDIK,TWNDPSVQQDIK
Liver,TDGFQLHTNVNDGTEFGGSIYQK,TDEFQLHTNVNDGTEFGGSIYQK
Liver,EVSQTDWTPPPEVTLSLTK,EVSQPDWTPPPEVTLSLTK
Liver,LILPGLMSSR,LILPGLISSR
Liver,ILQSTPGK,ILQSTAGK
Liver,IGGHGAEYGDEALER,IGGHGAEYGAEALER
Liver,LLVVYPDTQR,LLVVYPWTQR
Liver,LLVVYTWTQR,LLVVYPWTQR
Liver,SLYGLGGTK,SLVGLGGTK
Liver,LLVVYPWNQR,LLVVYPWTQR
Liver,ESSEEEYDSGVEEDGWTR,ESSEEEYDSGVEEDGWPR
Liver,VNADELGGEALGR,VNADEVGGEALGR
Liver,SLGVAAEGLPDQYADEEAAR,SLGVAAEGLPDQYADGEAAR
Liver,DVLDGHLR,DVLDGHVR
Liver,SGNEDLFR,SGNEDEFR
Liver,EIIMPVLDR,EIIDPVLDR
Liver,ANESDAEIK,ASESDAEIK
Liver,VNVDEVGGEALGR,VNADEVGGEALGR
Liver,MDSTEPPYSEK,MDSTEPAYSEK
Lung,PATVSLPR,VATVSLPR
Lung,DQLSAVLLR,TQLSAVLLR
Lung,SGGAEEGAK,SGGAEEGQK
Lung,LEQEITTYR,LEQEIATYR
Lung,QDVAVGVIK,QTVAVGVIK
Lung,GTSQNDPNNVVR,GTSQNDPNWVVR
Lung,QDALAELVK,QTALAELVK
Lung,GTSQNDPNWNVR,GTSQNDPNWVVR
Lung,INQLYEQSK,INQLYEQAK
Lung,NQGVMVGMGQK,HQGVMVGMGQK
Lung,DMEEILEGLK,TMEEILEGLK
Lung,AENPTNPGPGGSGYNR,AENPTNPGPGGSGYWR
Lung,AENPTNPGPGGSGYDR,AENPTNPGPGGSGYWR
Lung,EVIQEDSLTNIK,EVIQEWSLTNIK
Lung,VNSVNPGVVLTDMGK,VNSVNPTVVLTDMGK
Lung,SVDDFNQQSLDTNLYR,AVDDFNQQSLDTNLYR
Lung,DFDPAAQAAFQK,DFTPAAQAAFQK
Lung,FLEQQNQVLQDK,FLEQQNQVLQTK
Lung,ADLQAEQLSNELATER,ATLQAEQLSNELATER
Lung,PNSVNPTVVLTDMGK,VNSVNPTVVLTDMGK
Lung,LYTWGVVEVENPEHNDFLK,LYPWGVVEVENPEHNDFLK
Lung,DDNGENIAESLVAEGLATR,DTNGENIAESLVAEGLATR
Lung,VNTSGQVEEYDLDADDINSR,VWTSGQVEEYDLDADDINSR
Lung,VDTSGQVEEYDLDADDINSR,VWTSGQVEEYDLDADDINSR
Lung,PGINYQPPTVVPGGDLAK,VGINYQPPTVVPGGDLAK
Lung,SGVLAHLEEER,AGVLAHLEEER
Lung,SLVTGAGK,ALVTGAGK
Lung,AAFQLGSTWR,AAFQLGSPWR
Lung,NIDNPTVDDR,WIDNPTVDDR
Lung,VTEVEGEK,VAEVEGEK
Lung,AAQEEYVK,AAQEEYIK
Lung,WQDNPTVDDR,WIDNPTVDDR
Lung,PNADEVGGEALGR,VNADEVGGEALGR
Lung,ASEDFVDPDTVR,ASEDFVDPWTVR
Lung,ADIGADFLTK,ATIGADFLTK
Lung,ASEDFVDTWTVR,ASEDFVDPWTVR
Lung,DFNDSQLQEGK,DFTDSQLQEGK
Lung,DETTGATGQASSLLSGR,TETTGATGQASSLLSGR
Lung,QVATALQNLQDK,QVATALQNLQTK
Lung,GLNNQFASFIDK,SLNNQFASFIDK
Lung,SNINSLDEQEGVK,SNISSLDEQEGVK
Lung,LPNVDSVLSQDK,LPNVDSVLSQTK
Lung,WLAEDLYDGQVLQK,DLAEDLYDGQVLQK
Lung,GDGGVDTAAVGGVFDVSNADR,GTGGVDTAAVGGVFDVSNADR
Lung,NTGTEAPDYLADVDVDPK,NTGTEAPDYLATVDVDPK
Lung,NDGTEAPDYLATVDVDPK,NTGTEAPDYLATVDVDPK
Lung,ALDVPELTQQMFDAK,ALTVPELTQQMFDAK
Lung,VIDAFNDGLNHLDSLK,VITAFNDGLNHLDSLK
Lung,SLASVLLQDHIR,ALASVLLQDHIR
Lung,NLDIERPTDTNLNR,NLDIERPTYTNLNR
Lung,IGFQWSEIR,IGFPWSEIR
Lung,GYSFETTAER,GYSFVTTAER
Lung,AQIDDTAGQER,AQIWDTAGQER
Lung,ENPTTFMGNYLHEVAR,ENPTTFMGHYLHEVAR
Lung,ALGDLISADK,ALGDLISATK
Lung,GTTWEGGLFK,GTPWEGGLFK
Lung,QGLSSSIFDK,QGLSSSIFTK
Lung,NTLLQEQGTK,WTLLQEQGTK
Lung,DTLLQEQGTK,WTLLQEQGTK
Lung,AQQVSTPTLVEAAR,APQVSTPTLVEAAR
Lung,SEGPEVDVNLPK,GEGPEVDVNLPK
Lung,GALQNIIPASTGAAK,GAAQNIIPASTGAAK
Lung,SDELPDGQVITIGNER,SYELPDGQVITIGNER
Lung,IEDGNDFGVAVQEK,IEDGNDFGVAIQEK
Lung,EDVQTTEDQILKR,ETVQTTEDQILKR
Lung,NSSYFVENIPNNVK,NSSYFVEWIPNNVK
Lung,NSSYFVEDIPNNVK,NSSYFVEWIPNNVK
Lung,KTSGPPVSELIDK,KTSGPPVSELITK
Lung,LINSLYPETQAPVK,LINSLYPEGQAPVK
Lung,DLYANDVLSGGTTMYPGIADR,DLYANTVLSGGTTMYPGIADR
Lung,VDIDVPDVNIEGPDDK,VDIDVPDVNIEGPDTK
Lung,VITAFNDGLNNLDSLK,VITAFNDGLNHLDSLK
Lung,DAVSEGTK,HAVSEGTK
Lung,GSFTWQAK,GSFPWQAK
Lung,FVSEMLAK,FVSEMLQK
Lung,SQYEDIAQK,AQYEDIAQK
Lung,EITALAPSDMK,EITALAPSTMK
Lung,FAPPQPAEPDSFVK,FAPPQPAEPWSFVK
Lung,VDIDVPDVNIEGPDSK,VDIDVPDVNIEGPDTK
Lung,FAPPQPAETWSFVK,FAPPQPAEPWSFVK
Lung,FAPPQPAEQWSFVK,FAPPQPAEPWSFVK
Lung,KQDALAELVK,KQTALAELVK
Lung,TMDEMGQEIPSDATWK,TMDEMGQEIPSDAPWK
Lung,EDGTNGTEHR,EDGTWGTEHR
Lung,EVEERPAPTTWGSK,EVEERPAPTPWGSK
Lung,AIAGNDDSK,AIAGNDDVK
Lung,GSYPVFFNFTR,GAYPVFFNFTR
Lung,HSLMPMLEDLK,HSLMPMLETLK
Lung,TTQQIVLQGPGTWGFR,TTQQIVLQGPGPWGFR
Lung,DVTAMDVVYALK,TVTAMDVVYALK
Lung,DITLEVEPSDTIENVK,TITLEVEPSDTIENVK
Lung,ANNTTYGLAAGLFDK,ANNTTYGLAAGLFTK
Lung,ADDSSLSR,ADWSSLSR
Lung,DTAGDTHLGGEDFDNR,ATAGDTHLGGEDFDNR
Lung,AAVSGLAGK,AAVSGLWGK
Lung,AAVSGLDGK,AAVSGLWGK
Lung,DLYDAGVK,ELYDAGVK
Lung,NAEGTASVEK,NAEGTWSVEK
Lung,DGSEASLEDSSDR,DGSEASLEWSSDR
Lung,NAEGTNSVEK,NAEGTWSVEK
Lung,NAEGTDSVEK,NAEGTWSVEK
Lung,DAEADFNEK,DAEAWFNEK
Lung,NAEGNWSVEK,NAEGTWSVEK
Lung,TEAESDYQTK,TEAESWYQTK
Lung,YNDLGEQDFK,YNDLGEQHFK
Lung,DNAENEFVTIK,TNAENEFVTIK
Lung,NWNDPSVQQDIK,TWNDPSVQQDIK
Lung,TLVLSNLSYSADK,TLVLSNLSYSATK
Lung,ETNLESLPLVDTDSK,ETNLESLPLVDTHSK
Lung,TLNFNEEGDAEEAMVDNWRTAQPLK,TLNFNEEGDAEEAMVDNWRPAQPLK
Lung,EDNLESLPLVDTHSK,ETNLESLPLVDTHSK
Lung,DELEDTLDSTAAQQELR,TELEDTLDSTAAQQELR
Lung,AGAYDFPSTEWDTVTPEAK,AGAYDFPSPEWDTVTPEAK
Lung,SAVPSGASTGIYEALELR,AAVPSGASTGIYEALELR
Lung,DSSAEMPTIPLGSAVEAIR,TSSAEMPTIPLGSAVEAIR
Lung,IGGHGAEDGAEALER,IGGHGAEYGAEALER
Lung,LVGPGQDEGAR,LVGPGQWEGAR
Lung,DAAQVFVSTR,TAAQVFVSTR
Lung,SLNNDWEDHLAVK,SLTNDWEDHLAVK
Lung,NQTALSSK,NQTQLSSK
Lung,AQIGGPEAAK,AQIGGPEAGK
Lung,DYSFTTTAER,GYSFTTTAER
Lung,NNPETWNK,NNPEPWNK
Lung,MFASFPTDK,MFASFPTTK
Lung,VAPEENPVLLTEAPLNPK,VAPEEHPVLLTEAPLNPK
Lung,SDVEGIQASVK,STVEGIQASVK
Lung,DNVNVFSELPAPR,TNVNVFSELPAPR
Lung,TDESQTWVLPVVR,TDESQPWVLPVVR
Lung,APEVDVQGPEDSLK,APEVDVQGPEWSLK
Lung,ADQDNVNYVETSAK,ADQWNVNYVETSAK
Lung,APEVDVQGTEWSLK,APEVDVQGPEWSLK
Lung,AVDQSAEITIPVTFEAR,AVTQSAEITIPVTFEAR
Lung,KDQEQLASEMAELTAR,KTQEQLASEMAELTAR
Lung,DGPNALTPPPTTTEWVK,DGPNALTPPPTTPEWVK
Lung,EIIVTDYDPQNLQELQK,EIIVTDYTPQNLQELQK
Lung,GIVDQSQQAYQESFEISK,GIVDQSQQAYQEAFEISK
Lung,VAPEEDPVLLTEAPLNPK,VAPEEHPVLLTEAPLNPK
Lung,SFDLASSENQLGAPISGEGLPGR,SFTLASSENQLGAPISGEGLPGR
Lung,LEAVEGEEVVLTAWYTMAR,LEAVEGEEVVLPAWYTMAR
Lung,DGAQELLK,TGAQELLK
Lung,TSTDSGESK,TSTWSGESK
Lung,LLVVYPDTQR,LLVVYPWTQR
Lung,SVELAANTK,AVELAANTK
Lung,LLVVYTWTQR,LLVVYPWTQR
Lung,GAGSIAGASASPK,GAGAIAGASASPK
Lung,TSEGSNEPFASGK,TSEGSWEPFASGK
Lung,MDINAPDMDVQGTDWHLK,MDINAPDMDVQGPDWHLK
Lung,DFNPAAQAAFQK,DFTPAAQAAFQK
Lung,QNGVLNSDTDQDSK,QNGVLNSWTDQDSK
Lung,DVTNAVVTVPAYFNDSQR,TVTNAVVTVPAYFNDSQR
Lung,KDVTAMDVVYALK,KTVTAMDVVYALK
Lung,ALYQDEAFTADFQQPTEAK,ALYQTEAFTADFQQPTEAK
Lung,IHFPLADYAPVISAEK,IHFPLATYAPVISAEK
Lung,DLLGDVPVVADPTVPNVTVTR,TLLGDVPVVADPTVPNVTVTR
Lung,QDEVNAANQR,QDEVNAAWQR
Lung,LLVVYQWTQR,LLVVYPWTQR
Lung,VVSPDNSEDAK,VVSPWNSEDAK
Lung,GETGPAGPSGAPGPAGLR,GETGPAGPSGAPGPAGSR
Lung,ASDTSITNNNLK,ASDTSITWNNLK
Lung,ASDTSITDNNLK,ASDTSITWNNLK
Lung,VVSTWNSEDAK,VVSPWNSEDAK
Lung,TSGPPVSELIDK,TSGPPVSELITK
Lung,LPQEVTDFAK,LVQEVTDFAK
Lung,AGVAQPGGDTIFGK,AQVAQPGGDTIFGK
Lung,GGGFGGGSGFGGGSGFSGGGFGGGGFGGGR,GGGFGGGSSFGGGSGFSGGGFGGGGFGGGR
Lung,LGAASLGAEDPETQVVLINAPK,LGAASLGAEDPETQVVLINAVK
Lung,GIDHNDNK,GIWHNDNK
Lung,GESLDNLDSQRTGSWR,GESLDNLDSQRPGSWR
Lung,DLMNLGGLAVAR,TLMNLGGLAVAR
Lung,VNVDEVGGEALGR,VNADEVGGEALGR
Lung,SEEDFLTWER,SEEDFLPWER
Lung,AMAMELGPNK,AMAMELGPHK
Lung,DSPSVDAAVPGK,DSPSVWAAVPGK
Lung,VLPEEHPVLLTEAPLNPK,VAPEEHPVLLTEAPLNPK
Lung,MQNLEQTLNK,MQHLEQTLNK
Lung,DSPSQWAAVPGK,DSPSVWAAVPGK
Lung,SAAITSDLLESLGR,AAAITSDLLESLGR
Lung,DFTPAAQTAFQK,DFTPAAQAAFQK
Lung,LISDYDNEYGYSNR,LISWYDNEYGYSNR
Lung,DNLTLDTSDTQGDEAEAGEGGEN,DNLTLWTSDTQGDEAEAGEGGEN
Lung,DNLTLWNSDTQGDEAEAGEGGEN,DNLTLWTSDTQGDEAEAGEGGEN
Lung,DDLNPDNLQGGDDLDPNYVLSSR,TDLNPDNLQGGDDLDPNYVLSSR
Lung,DVATPLNQVANPNSAIFGGAR,TVATPLNQVANPNSAIFGGAR
Lung,DIGVSNFNPLQIER,TIGVSNFNPLQIER
Muscle,GIDHNDNK,GIWHNDNK
Muscle,PATVSLPR,VATVSLPR
Muscle,HQGPMVGMGQK,HQGVMVGMGQK
Muscle,ANSEVAQAR,ANSEVAQWR
Muscle,SVFPSIVGR,AVFPSIVGR
Muscle,ANSEVAQDR,ANSEVAQWR
Muscle,TAESAEAK,TAESPEAK
Muscle,TQSKPEDEADEAAR,TQSKPEDEADEWAR
Muscle,WTTDRPDFIQAAK,WTPDRPDFIQAAK
Muscle,TQSKPEDEADEDAR,TQSKPEDEADEWAR
Muscle,GLAGVENPSELKK,GLAGVENVSELKK
Muscle,SDVAQLVK,STVAQLVK
Muscle,IDLSQVGDVLR,ITLSQVGDVLR
Muscle,GGDAAFQATLK,GGTAAFQATLK
Muscle,DINEVENQVLTR,TINEVENQVLTR
Muscle,DQGVMVGMGQK,HQGVMVGMGQK
Muscle,VLGTNPTNAEVK,ALGTNPTNAEVK
Muscle,FLEQQNQVLQDK,FLEQQNQVLQTK
Muscle,ETTWHGQGQDQGQGPSQESAAEQGAVEK,ETPWHGQGQDQGQGPSQESAAEQGAVEK
Muscle,KAYDLQSDALYK,KAYDLQSDNLYK
Muscle,HPLATLGEK,HVLATLGEK
Muscle,LIEDTEDDRPR,LIEDTEDWRPR
Muscle,ELDYQTEEDRK,ELTYQTEEDRK
Muscle,DLGPALLEK,TLGPALLEK
Muscle,VVLEGPATWGFR,VVLEGPAPWGFR
Muscle,SADTLDGIQK,SADTLWGIQK
Muscle,PLTPDLYNK,VLTPDLYNK
Muscle,GDSIVASDVTK,GWSIVASDVTK
Muscle,VTQSNFAPGYK,VTQSNFAVGYK
Muscle,LQDAEENVEAVNSK,LQDAEEHVEAVNSK
Muscle,NLTEEMAGLDEDIAK,NLTEEMAGLDETIAK
Muscle,NMDAAFPPDVGGNVDYK,NMWAAFPPDVGGNVDYK
Muscle,TVDDLEDELYAQK,TIDDLEDELYAQK
Muscle,DSIAIDTIINQK,TSIAIDTIINQK
Muscle,FTSIVDTPEVLLAK,FTSIVDTPEVVLAK
Muscle,EISAPELEPLHLR,EIAAPELEPLHLR
Muscle,APFPSIVGR,AVFPSIVGR
Muscle,KAYDLQSDALYK,KAYDLQSDAVYK
Muscle,DVLATLGEK,HVLATLGEK
Muscle,SAQEEYIK,AAQEEYIK
Muscle,GVDEGPDGLK,GIDEGPDGLK
Muscle,PLGNPSNEEMNAK,VLGNPSNEEMNAK
Muscle,SNINSLDEQEGVK,SNISSLDEQEGVK
Muscle,LQAAEEHVEAVNSK,LQDAEEHVEAVNSK
Muscle,SSVSLADNKPIYDGGAPVR,SSVSLAWNKPIYDGGAPVR
Muscle,TITALAPSTMK,EITALAPSTMK
Muscle,SNLLQAEIEELR,ANLLQAEIEELR
Muscle,TLEDQLNEVK,TLEDQLSEVK
Muscle,IALYETPTGDK,IALYETPTGWK
Muscle,IALYETPTGAK,IALYETPTGWK
Muscle,DLEDQLSEVK,TLEDQLSEVK
Muscle,PVESMQSTLDAEIR,VVESMQSTLDAEIR
Muscle,ATDTFGDQVLEEGDR,ATWTFGDQVLEEGDR
Muscle,DGAIVDVPVGEELLGR,TGAIVDVPVGEELLGR
Muscle,ALTFWNEEIAPK,ALPFWNEEIAPK
Muscle,GPVPLAGTNGETTTQGLDGLSER,GVVPLAGTNGETTTQGLDGLSER
Muscle,NLDEEMAGLDENIAK,NLTEEMAGLDENIAK
Muscle,QLGDHIGAR,QLGHHIGAR
Muscle,GPGAMEHELVLHQLR,TPGAMEHELVLHQLR
Muscle,TPGAMEHELELHQLR,TPGAMEHELVLHQLR
Muscle,LTGAVMHVGNMK,LTGAVMHYGNMK
Muscle,TPGAMEHELVLDQLR,TPGAMEHELVLHQLR
Muscle,TPGAMENELVLHQLR,TPGAMEHELVLHQLR
Muscle,QLVGTNEDSR,QLVGTNEWSR
Muscle,LQSAEEHVEAVNAK,LQDAEEHVEAVNAK
Muscle,SAEILSDNIYR,AAEILSDNIYR
Muscle,TDSWDKDVYPEPPSR,PDSWDKDVYPEPPSR
Muscle,TDLNDENLK,TDLNHENLK
Muscle,RQFAAQANAIGTWIQGK,RQFAAQANAIGPWIQGK
Muscle,DDLNHENLK,TDLNHENLK
Muscle,TLEDQLSEPK,TLEDQLSEVK
Muscle,DLEEATLQHEATAATPRK,DLEEATLQHEATAATLRK
Muscle,VDGLTEGHSYEFR,VTGLTEGHSYEFR
Muscle,LEEAGGATSAQITMNK,LEEAGGATSAQIEMNK
Muscle,QFAAQANAIGPDIQGK,QFAAQANAIGPWIQGK
Muscle,GNGGVDTAAVGAVFDISNADR,GTGGVDTAAVGAVFDISNADR
Muscle,GDGGVDTAAVGAVFDISNADR,GTGGVDTAAVGAVFDISNADR
Muscle,SGFAGDDAPR,AGFAGDDAPR
Muscle,GNPTVEVDLHDAK,GNPTVEVDLHTAK
Muscle,DGVVEITGK,EGVVEITGK
Muscle,DEGGATVTVK,TEGGATVTVK
Muscle,NAYEESLDQLEDLKR,NAYEESLDQLETLKR
Muscle,IADASPDEGDK,IADASPDEGWK
Muscle,LDDISTIIGK,LTDISTIIGK
Muscle,AYELQSDNVYK,AYELQSDSVYK
Muscle,YDPNELPAEEGK,YGPNELPAEEGK
Muscle,DKLEQQVDDLEGSLEQEK,TKLEQQVDDLEGSLEQEK
Muscle,SMTDVLSATDIKK,SMTDVLSAEDIKK
Muscle,AAVPSGASDGIYEALELR,AAVPSGASTGIYEALELR
Muscle,SAVPSGASTGIYEALELR,AAVPSGASTGIYEALELR
Muscle,DSVNLTDTEPASDGGSK,DSVNLTWTEPASDGGSK
Muscle,HINELEK,HIHELEK
Muscle,DIHELEK,HIHELEK
Muscle,LGFAGDDAPR,AGFAGDDAPR
Muscle,DAEADFNEK,DAEAWFNEK
Muscle,STDAEADVASLNR,ATDAEADVASLNR
Muscle,ADDAEADVASLNR,ATDAEADVASLNR
Muscle,DLYANNVMSGGTTMVPGIADR,DLYANNVMSGGTTMYPGIADR
Muscle,QKYEEDQAELEASQK,QKYEETQAELEASQK
Muscle,VAPEEHPELLTEAPLNPK,VAPEEHPVLLTEAPLNPK
Muscle,ELEDEVENEQK,ELEGEVENEQK
Muscle,AYDLQSDALYK,AYDLQSDNLYK
Muscle,IESEQALGMQLQK,IEDEQALGMQLQK
Muscle,VVLAYEPVDAIGTGK,VVLAYEPVWAIGTGK
Muscle,VVLAYEPVNAIGTGK,VVLAYEPVWAIGTGK
Muscle,PLNASAIPEGQFIDSK,VLNASAIPEGQFIDSK
Muscle,VVLAYETVWAIGTGK,VVLAYEPVWAIGTGK
Muscle,ALQEAHQQTLDDLQAEEDKVNTLDK,ALQEAHQQTLDDLQAEEDKVNTLTK
Muscle,APFPSIVGRPR,AVFPSIVGRPR
Muscle,HGESLNNQENR,HGESLWNQENR
Muscle,HGESLDNQENR,HGESLWNQENR
Muscle,GRPEPDITDSK,GRPEPDITWSK
Muscle,GSPEGVIDR,GAPEGVIDR
Muscle,TYISTWDR,TYISPWDR
Muscle,YEELQETAGR,YEELQITAGR
Muscle,LTVIETAWER,LTVIEPAWER
Muscle,NNPETWNK,NNPEPWNK
Muscle,QREEQAEPDGTELADK,QREEQAEPDGTEVADK
Muscle,NEYEESLDQLETLKR,NAYEESLDQLETLKR
Muscle,EAPEEHPVLLTEAPLNPK,VAPEEHPVLLTEAPLNPK
Muscle,GASIDDMIPAQK,GQSIDDMIPAQK
Muscle,TDESQTWVLPVVR,TDESQPWVLPVVR
Muscle,HEEEEDTYSEEEER,HEEEEWTYSEEEER
Muscle,PNADEVGGEALGR,VNADEVGGEALGR
Muscle,LEIETEWAYGK,LEIEPEWAYGK
Muscle,TNQSILITGESGAGK,ENQSILITGESGAGK
Muscle,ENQSILITGESGVGK,ENQSILITGESGAGK
Muscle,VGEATETALTTLPEK,VGEATETALTTLVEK
Muscle,GADSNVLR,GAWSNVLR
Muscle,EEGGTYDSR,EEGGTYWSR
Muscle,TVTWLENR,TVPWLENR
Muscle,NLLAAGDKDGDGK,TLLAAGDKDGDGK
Muscle,LLVVYPDTQR,LLVVYPWTQR
Muscle,QGDEEEDTIVSTR,QGDEEEWTIVSTR
Muscle,SLNPELGTDADKEQDK,SLNPELGTDADKEQWK
Muscle,DLLLDTAWEK,DLLLDPAWEK
Muscle,DKLEQQVDDLEGSLEQEKK,TKLEQQVDDLEGSLEQEKK
Muscle,LIDAIGDVVNHDPAVGDR,LITAIGDVVNHDPAVGDR
Muscle,VVSTWNSEDAK,VVSPWNSEDAK
Muscle,GVDPEDVITGAFK,GADPEDVITGAFK
Muscle,NEYEESLDQLETLK,NAYEESLDQLETLK
Muscle,GPNLPGAAVDLPAVSEK,GVNLPGAAVDLPAVSEK
Muscle,TPSDDLTWGDLTLNK,TPSDDLPWGDLTLNK
Muscle,TPIGSFLGSLASQPADK,TPIGSFLGSLASQPATK
Muscle,ELEDEVENEQKR,ELEGEVENEQKR
Muscle,SFLVDVNEEDHLR,SFLVWVNEEDHLR
Muscle,DYSFVTTAER,GYSFVTTAER
Muscle,DDQLHLDDALR,DTQLHLDDALR
Muscle,QDALAELVK,QTALAELVK
Muscle,TDSTVTPEVK,TWSTVTPEVK
Muscle,DELLQQVDTSTR,WELLQQVDTSTR
Muscle,VVSPDNSEDAK,VVSPWNSEDAK
Muscle,STAELYLTDK,STAELYLTTK
Muscle,ASDTSITDNNLK,ASDTSITWNNLK
Muscle,AAAQNIIPASTGAAK,GAAQNIIPASTGAAK
Muscle,GSAQNIIPASTGAAK,GAAQNIIPASTGAAK
Muscle,LISDYDNEYGYSNR,LISWYDNEYGYSNR
Muscle,VNAYNLSDNPYK,VNAYNLSDNVYK
Muscle,DLKDDVLYETETPPDLEK,WLKDDVLYETETPPDLEK
Muscle,IKTEQQVDDLEGSLEQEK,IKLEQQVDDLEGSLEQEK
Muscle,DLEEATLQDEATAAALR,DLEEATLQHEATAAALR
Muscle,DLEEATLQNEATAAALR,DLEEATLQHEATAAALR
Muscle,VIQYFADIAVTGDK,VIQYFATIAVTGDK
Muscle,ELNASAIPEGQFIDSK,VLNASAIPEGQFIDSK
Muscle,FDQAGSEVSALLGR,FTQAGSEVSALLGR
Muscle,GISHNDNK,GIWHNDNK
Muscle,GINHNDNK,GIWHNDNK
Muscle,GIAHNDNK,GIWHNDNK
Muscle,INLSQVGDVLR,ITLSQVGDVLR
Muscle,LNEIVDLIK,LNEIVDQIK
Muscle,VLDELTLDK,VLDELTLTK
Muscle,AIDDAAMMAEELKK,AITDAAMMAEELKK
Muscle,EIDALAPSTMK,EITALAPSTMK
Muscle,ATIGIAMGSGTAVAK,AEIGIAMGSGTAVAK
Muscle,GLGDSPAGSLEVEK,GLGWSPAGSLEVEK
Muscle,VQSIDDMIPAQK,GQSIDDMIPAQK
Muscle,DVATAQDSPLSTTSK,DVATAQWSPLSTTSK
Muscle,NSVNLSDQQPAFDGGSK,NSVNLSWQQPAFDGGSK
Muscle,DQIHIMPDTPDIILAK,TQIHIMPDTPDIILAK
Muscle,LSQTFPNADFAEIDK,LSQTFPNADFAEITK
Skin,PATVSLPR,VATVSLPR
Skin,ANSEVAQDR,ANSEVAQWR
Skin,TAESAEAK,TAESPEAK
Skin,LEQEITTYR,LEQEIATYR
Skin,GETWTFLVR,GEPWTFLVR
Skin,DQYEQLAEK,DQYEQMAEK
Skin,RTWLVDYGESGEQVAGFVK,RPWLVDYGESGEQVAGFVK
Skin,LPYTTPGPPSTTWVSNVTR,LPYTTPGPPSTPWVSNVTR
Skin,VTWDFPPDTTLLDLQNNK,VPWDFPPDTTLLDLQNNK
Skin,APFPSIVGRPR,AVFPSIVGRPR
Skin,KPEATAVPVPK,KPEATTVPVPK
Skin,PLDELTLAR,VLDELTLAR
Skin,SSSTAYMDLR,SSSTAYMELR
Skin,HEDSVAELGEQIDNLQR,HADSVAELGEQIDNLQR
Skin,NTLTQTTENLR,NTLAQTTENLR
Skin,QPDVLTTEQLR,QVDVLTTEQLR
Skin,PLTPDLYNK,VLTPDLYNK
Skin,ASEDFVDTWTVR,ASEDFVDPWTVR
Skin,ALEEANTELEPK,ALEEANTELEVK
Skin,ALTFWNEEIAPK,ALPFWNEEIAPK
Skin,DAQTWQGALLLGPNK,DAQPWQGALLLGPNK
Skin,WTVHLMETLLPR,WPVHLMETLLPR
Skin,IGFTWSEIR,IGFPWSEIR
Skin,TEESGELHGLTTDEK,TAESGELHGLTTDEK
Skin,NLATTWEELSKK,NLAPTWEELSKK
Skin,DALLQEQGTK,WALLQEQGTK
Skin,TITALAPSTMK,EITALAPSTMK
Skin,KDLYANDVLSGGTTMYPGIADR,KDLYANTVLSGGTTMYPGIADR
Skin,LLGPNAGPDGLITWTR,LLGPNAGPDGLIPWTR
Skin,LDEYGFQNALIVR,LGEYGFQNALIVR
Skin,PTMQNLNDR,VTMQNLNDR
Skin,GSFTWQAK,GSFPWQAK
Skin,GDEVTLSNPK,GEEVTLSNPK
Skin,APSDYGGMSVTSSR,APSTYGGMSVTSSR
Skin,DLYANDVLSGGTTMYPGIADR,DLYANTVLSGGTTMYPGIADR
Skin,VQLLHTQNTSLINDK,VQLLHTQNTSLINTK
Skin,MYATAWVAPEALQK,MYAPAWVAPEALQK
Skin,QFAAQANAIGTWIQNK,QFAAQANAIGPWIQNK
Skin,FAPPQPAETWSFVK,FAPPQPAEPWSFVK
Skin,SLFSSAENEPPVPLVGNWRTPQPVK,SLFSSAENEPPVPLVGNWRPPQPVK
Skin,GLHTLFGDK,SLHTLFGDK
Skin,VGNTWDPNILYGPLHTK,VGNPWDPNILYGPLHTK
Skin,WSLLQEQGTK,WTLLQEQGTK
Skin,DAEMPATEKDLAEDATWK,DAEMPATEKDLAEDAPWK
Skin,QFGAQANVIGTWIQTK,QFGAQANVIGPWIQTK
Skin,DDNQSPIELHTK,GDNQSPIELHTK
Skin,STAEQLK,ATAEQLK
Skin,DAEEAFNQK,DAEEWFNQK
Skin,YNDLGEQNFK,YNDLGEQHFK
Skin,DAEEWFNEK,DAEAWFNEK
Skin,MDINAPDMDVQGTDWHLK,MDINAPDMDVQGPDWHLK
Skin,MDISAPDVEVHGTEWNLK,MDISAPDVEVHGPEWNLK
Skin,EQYEEEEEAK,EQLEEEEEAK
Skin,ATYSTNSTVWEEAFR,ATYSTNSPVWEEAFR
Skin,APDVQLNAPDVDVHGTEWNLK,APDVQLNAPDVDVHGPEWNLK
Skin,NAYEESLDELETLKR,NAYEESLDHLETLKR
Skin,NHEEEMKEFSSQLAGQVNVENDAAPGVDLTR,NHEEEMKEFSSQLAGQVNVEMDAAPGVDLTR
Skin,LPQEVTDFAK,LVQEVTDFAK
Skin,GRPQGPSQDYSR,GRPQGPSQDSSR
Skin,VDISAPDVDVHGTDWHLK,VDISAPDVDVHGPDWHLK
Skin,YEELQETAGR,YEELQITAGR
Skin,DISLSDYK,DISLSEYK
Skin,TDESQTWVLPVVR,TDESQPWVLPVVR
Skin,AYDLQSDALYK,AYDLQSDNLYK
Skin,VLGNPSNEDMNAK,VLGNPSNEEMNAK
Skin,TDGFQLHTNVNDGTEFGGSIYQK,TDEFQLHTNVNDGTEFGGSIYQK
Skin,DGPNALTPPPTTTEWVK,DGPNALTPPPTTPEWVK
Skin,LLVVYPDTQR,LLVVYPWTQR
Skin,PNADEVGGEALGR,VNADEVGGEALGR
Skin,SGAQANWTEVSWPHEK,SGAQATWTEVSWPHEK
Skin,QTALAELPK,QTALAELVK
Skin,AELIVQPELK,AELIAQPELK
Skin,LLVVYTWTQR,LLVVYPWTQR
Skin,LQSQFTDAQK,MQSQFTDAQK
Skin,NSWGETWGEK,NSWGEPWGEK
Skin,DDGLFSGDTNWFPK,DDGLFSGDPNWFPK
Skin,TPSDDLTWGDLTLNK,TPSDDLPWGDLTLNK
Skin,TPDLSVQLPSADLDLK,TPDLSVQLPSADLELK
Skin,TILDNGK,HILDNGK
Skin,NLLEGQSAK,NLLEGQDAK
Skin,VSLDVNHFAPDELTVK,VSLDVNHFAPEELTVK
Skin,EVDEKPASTTWGSK,EVDEKPASTPWGSK
Skin,VVSTWNSEDAK,VVSPWNSEDAK
Skin,AGVAQPGGDTIFGK,AQVAQPGGDTIFGK
Skin,NVLDTSWTTPPPALR,NVLDTSWPTPPPALR
Skin,SFLVDVNEEDHLR,SFLVWVNEEDHLR
Skin,SGFAGDDAPR,AGFAGDDAPR
Skin,DLAEDATWKK,DLAEDAPWKK
Skin,QLEEAEEESQR,QLEEAEEEAQR
Skin,SQVQSSYTFK,SQVQASYTFK
Skin,ASDTSINWNNLK,ASDTSITWNNLK
Skin,EVQLQQSGPELVKPSASVK,EVQLQQSGPELVKPGASVK
Skin,EVQLQQSGPDLVKPGASVK,EVQLQQSGPELVKPGASVK
Skin,DSDYSMSSTLTLTK,DSTYSMSSTLTLTK
Skin,LSQTFPNADFAEIDK,LSQTFPNADFAEITK
Skin,DVLDGHLR,DVLDGHVR
Skin,QDVEADINGLRR,QGVEADINGLRR
Skin,QTALVELVK,QTALAELVK
Skin,INQLYEQSK,INQLYEQAK
Skin,ALEESNYEAEGK,ALEESNYELEGK
Skin,SPPPFPGETWK,SPPPFPGEPWK
Skin,EVQLQQSGPELVKPGTSVK,EVQLQQSGPELVKPGASVK
Skin,LGEYGLQNALIVR,LGEYGFQNALIVR
Skin,STLSVITSGVQWIQDR,STLSVIPSGVQWIQDR
Skin,ETTWHGQGQDQGQGPSQESAAEQGAVEKQ,ETPWHGQGQDQGQGPSQESAAEQGAVEKQ
Skin,DNLTLWNSDTQGDEAEAGEGGEN,DNLTLWTSDTQGDEAEAGEGGEN
Skin,DSTYSMSSLLTLTKDEYER,DSTYSMSSTLTLTKDEYER
Skin,LYTWGVVEVENPEHNDFLK,LYPWGVVEVENPEHNDFLK